name_E,H3k9ac_E
chr10_1100843_1101035,34.124226
chr10_2939911_2940338,5.92955
chr10_3133662_3133717,27.505771999999997
chr10_3137708_3138098,27.505771999999997
chr10_3145163_3145536,18.460252
chr10_3306877_3306999,17.744339
chr10_3441336_3441600,13.746426000000001
chr10_3497590_3497951,16.481869
chr10_3507725_3507898,10.409638000000001
chr10_3509617_3509911,40.849268
chr10_3510310_3510716,40.849268
chr10_3511181_3511689,40.849268
chr10_3524547_3524820,8.576830000000001
chr10_3797195_3797502,12.803913
chr10_3845250_3845852,30.624142
chr10_3845999_3846426,30.624142
chr10_3846443_3847038,30.624142
chr10_3848037_3849536,30.624142
chr10_3850308_3850795,30.624142
chr10_3852273_3852886,30.624142
chr10_3853393_3854169,30.624142
chr10_3870489_3871262,15.898316000000001
chr10_3878027_3878387,5.918793
chr10_3893365_3894190,16.062406
chr10_3902646_3902838,15.295423999999999
chr10_3928866_3929216,15.486646
chr10_3929991_3930887,15.486646
chr10_3932191_3932411,15.486646
chr10_3936015_3936390,15.486646
chr10_3938329_3938538,15.486646
chr10_3944367_3944901,9.85245
chr10_3948614_3948936,9.85245
chr10_3984866_3985563,10.503509
chr10_3991165_3991394,9.761567
chr10_4172866_4173257,10.421553999999999
chr10_4173688_4174411,10.421553999999999
chr10_4289203_4289519,8.909104
chr10_4396174_4396330,11.535504
chr10_4414900_4415114,5.783799
chr10_4705159_4705783,9.7250385
chr10_4813646_4813900,17.49549
chr10_5333644_5334212,7.710965
chr10_5334474_5334640,7.710965
chr10_5336164_5336286,6.110991
chr10_556579_556951,6.2045900000000005
chr10_557102_557353,6.2045900000000005
chr10_5587810_5588190,9.0841895
chr10_5588881_5589169,9.0841895
chr10_5590010_5590295,9.0841895
chr10_5590959_5591270,9.0841895
chr10_5593718_5593999,3.882325
chr10_5596279_5596669,6.9865185
chr10_5888274_5888577,9.495846499999999
chr10_699938_700531,11.106324
chr10_830904_831008,18.066933
chr10_990446_990769,14.543320000000001
chr1_100104444_100104686,11.748362
chr1_100113534_100114036,47.346393
chr1_100138206_100138591,1.8176130000000001
chr1_100820585_100820838,26.082707
chr1_10127211_10127315,15.164089
chr1_101313094_101313246,5.237597
chr1_1014834_1015095,13.230414000000001
chr1_101577594_101578108,11.627025999999999
chr1_101725356_101725679,5.910945
chr1_101764288_101764549,3.8369549999999997
chr1_101774729_101775525,9.709812000000001
chr1_101776223_101776281,2.196214
chr1_10269964_10270260,31.920153000000003
chr1_108479405_108480123,10.109392999999999
chr1_108741685_108742156,33.742951
chr1_109104473_109104583,9.187298
chr1_109127044_109127234,12.636741
chr1_109133120_109133338,16.712207
chr1_109133637_109134097,16.712207
chr1_1093610_1093958,18.670209
chr1_110160052_110160461,23.044757999999998
chr1_110333273_110333688,6.816822999999999
chr1_110334849_110335164,6.816822999999999
chr1_110335775_110336041,5.2897989999999995
chr1_110420039_110420145,5.634476
chr1_110451717_110451917,13.821852
chr1_110454846_110455290,13.821852
chr1_112050044_112050594,14.593677
chr1_112058341_112058601,7.801297
chr1_112058803_112059167,7.801297
chr1_112163412_112163797,21.076642
chr1_112276731_112276883,11.64361
chr1_112942216_112942335,32.356713
chr1_113086746_113087141,16.585723
chr1_113584893_113585079,13.0962745
chr1_115052481_115052766,22.835938
chr1_115605190_115605611,15.673476999999998
chr1_115605746_115606114,15.673476999999998
chr1_115627657_115627928,9.790003
chr1_115709526_115709713,6.4824839999999995
chr1_115722074_115722498,4.090214
chr1_115968975_115969167,3.684517
chr1_116088478_116088732,8.869562
chr1_116370977_116371565,8.850636
chr1_116918925_116919548,21.931614
chr1_116920378_116921129,21.931614
chr1_117111804_117112156,17.726592
chr1_117112460_117112738,17.726592
chr1_117421623_117422020,9.150322000000001
chr1_117422443_117422644,9.150322000000001
chr1_11968510_11969143,20.736307
chr1_120255895_120256325,11.720164
chr1_12046023_12046196,13.2045555
chr1_12193120_12193399,18.01674
chr1_12213128_12213883,6.021397
chr1_12227833_12229578,14.538592000000001
chr1_12235070_12235463,9.374164
chr1_12237719_12238747,15.491036
chr1_12238984_12239461,15.491036
chr1_12240401_12240902,15.491036
chr1_12243852_12244671,11.456605
chr1_12245348_12245387,11.456605
chr1_12493313_12493712,25.375216
chr1_12493910_12494304,25.375216
chr1_12599928_12600179,10.8902
chr1_12600525_12600853,10.8902
chr1_12609717_12610039,16.677695
chr1_12675687_12675874,28.839128999999996
chr1_14027926_14028325,11.818649
chr1_142538903_142539547,5.47583
chr1_144533627_144534178,13.7589825
chr1_144536201_144536370,3.587718
chr1_144908312_144908601,16.213527
chr1_144908806_144909147,16.213527
chr1_144927217_144927550,22.790998000000002
chr1_144986415_144987071,1.973239
chr1_144987154_144987391,1.973239
chr1_144988079_144988414,1.973239
chr1_145009158_145009716,18.298901
chr1_145042783_145043227,5.119141
chr1_145054975_145055306,2.025347
chr1_145058996_145059322,2.025347
chr1_145090155_145090603,4.029827
chr1_145092450_145092883,26.188471
chr1_145113904_145114998,3.8978379999999997
chr1_145437595_145437817,10.974561
chr1_145454760_145454851,13.8614195
chr1_145455122_145455741,15.030216500000002
chr1_147775754_147775884,15.273184
chr1_147806841_147807184,14.663388000000001
chr1_149215297_149215704,8.925053
chr1_149981648_149981889,33.040333000000004
chr1_150135231_150135764,11.416499
chr1_150185878_150186128,18.607312
chr1_150231710_150231944,2.100749
chr1_150294873_150295138,18.47907
chr1_150577042_150577503,13.814629
chr1_150585815_150586394,19.857144
chr1_150592182_150592667,4.997038
chr1_150600412_150600701,27.705401000000002
chr1_150949569_150950014,10.155292999999999
chr1_151168297_151168505,22.401259
chr1_151172142_151172526,22.401259
chr1_151172620_151173197,22.401259
chr1_151284018_151284391,8.121633000000001
chr1_151445792_151446161,15.040469
chr1_151877533_151877895,12.102794
chr1_151913574_151913780,14.409316
chr1_151913815_151914271,14.409316
chr1_151918898_151919222,11.430829
chr1_151945068_151945221,14.656741
chr1_151960875_151961433,22.212134
chr1_151961675_151962369,22.212134
chr1_152006910_152007460,28.194183000000002
chr1_152007615_152008057,28.194183000000002
chr1_15335392_15335732,8.492238
chr1_153504746_153504953,24.549352
chr1_153541018_153541368,20.31852
chr1_153545866_153546049,3.8980269999999995
chr1_153583449_153583810,45.773869
chr1_153670755_153671012,13.431051
chr1_153762591_153763309,5.54108
chr1_153936554_153936861,18.938585999999997
chr1_154154606_154155027,23.716694
chr1_15416988_15417263,3.6272900000000003
chr1_154299137_154299452,11.328501
chr1_154391539_154392211,13.062331
chr1_154392646_154393050,13.062331
chr1_154468503_154468634,10.087464
chr1_154579303_154579782,25.061989
chr1_154582047_154582244,25.061989
chr1_154910155_154910399,42.338003
chr1_154972628_154972915,11.200747999999999
chr1_154973036_154973200,11.200747999999999
chr1_154973335_154973935,11.200747999999999
chr1_154977099_154977253,11.200747999999999
chr1_155098409_155098801,23.561335999999997
chr1_155830201_155830522,24.812301
chr1_15587144_15587415,12.922317
chr1_155944562_155945214,14.617188
chr1_155945743_155946196,14.617188
chr1_155946363_155946660,14.617188
chr1_156066868_156067143,15.198051999999999
chr1_156073142_156073699,22.908839
chr1_156073854_156074351,22.908839
chr1_156074715_156075305,22.908839
chr1_156089405_156089622,28.037721
chr1_156095033_156095181,24.673372
chr1_156118146_156118395,5.951369000000001
chr1_156251648_156251762,32.88998
chr1_156426931_156427503,19.474429999999998
chr1_156468556_156468776,36.020656
chr1_156472693_156472952,36.020656
chr1_156473111_156473378,36.020656
chr1_156474686_156475018,36.020656
chr1_156541089_156541488,16.603018
chr1_156629760_156630406,19.347705333333334
chr1_15664307_15664455,12.41242
chr1_156645551_156645913,10.879821000000002
chr1_15664580_15664866,12.41242
chr1_156718467_156719136,35.370465
chr1_156719450_156719815,35.370465
chr1_156864713_156865066,23.447138
chr1_157076072_157076782,6.0656360000000005
chr1_157106691_157107326,36.983204
chr1_15738146_15738632,16.8046205
chr1_15738661_15738986,12.371167
chr1_15742467_15743324,15.962198999999998
chr1_157964633_157965029,14.696639000000001
chr1_157980631_157980890,12.834657
chr1_157989414_157989935,15.260663000000001
chr1_158970513_158970716,18.237345
chr1_158982200_158982857,28.668002
chr1_15946733_15946892,14.963492
chr1_159859603_159860031,6.868751
chr1_159880076_159880706,14.931663
chr1_159892447_159892988,79.625015
chr1_16087189_16087372,24.257157
chr1_160982920_160983992,18.997328
chr1_160989381_160990254,24.861225
chr1_161155098_161155533,5.832342
chr1_161170260_161170636,16.429681
chr1_161170933_161171185,16.429681
chr1_161177017_161177202,16.429681
chr1_16125579_16125747,11.098071000000001
chr1_161352257_161352597,8.012843
chr1_161359666_161360218,17.245995
chr1_161500608_161500899,7.2679795
chr1_161502624_161502920,2.421631
chr1_161582212_161582506,5.670393
chr1_16176617_16176801,36.435734000000004
chr1_16212759_16213091,14.246103
chr1_162508612_162508929,10.896655
chr1_162511455_162511984,9.185558
chr1_162599583_162599804,13.286265
chr1_162603017_162603226,17.258858
chr1_162659800_162660152,7.147405
chr1_16276028_16276482,13.889892999999999
chr1_16277350_16278224,13.889892999999999
chr1_162827762_162827953,15.184275
chr1_16292565_16293101,9.874291
chr1_162954567_162954830,7.548863000000001
chr1_163005587_163006022,3.929718
chr1_16339773_16339933,6.237514
chr1_163844797_163845064,7.335906
chr1_16478939_16479163,22.916497
chr1_16479299_16479465,22.916497
chr1_16499761_16499895,9.813689
chr1_16502532_16502678,9.813689
chr1_16508402_16508642,20.414609
chr1_165797615_165798367,43.296281
chr1_165868061_165868423,22.865456
chr1_16677236_16677843,22.228315
chr1_167423404_167424221,9.488052
chr1_167424728_167425462,9.488052
chr1_167683554_167683813,19.368902
chr1_168149052_168149361,24.149410999999997
chr1_16826315_16826438,14.165427
chr1_170633923_170634526,6.0414699999999995
chr1_170677232_170677374,7.359638
chr1_1714020_1714715,5.200075
chr1_171712214_171712716,30.633034000000002
chr1_172106187_172106635,3.4320150000000003
chr1_172150675_172151005,8.70938
chr1_172291507_172291926,19.150257
chr1_17231253_17231704,57.246109
chr1_172327070_172327187,19.035091
chr1_172327558_172328156,19.035091
chr1_172715484_172715760,12.595778999999999
chr1_172828423_172828792,14.794234
chr1_172852442_172852809,10.077776
chr1_172863432_172863838,8.708566000000001
chr1_172878579_172879356,14.433938000000001
chr1_172882769_172883147,7.049066000000001
chr1_172887147_172887473,8.988721
chr1_172888696_172888994,8.988721
chr1_172900674_172900969,13.163670999999999
chr1_172903010_172903534,13.163670999999999
chr1_172917653_172917863,11.363876
chr1_172959872_172960111,3.808876
chr1_173091914_173092434,13.011068
chr1_173092552_173092771,13.011068
chr1_173398914_173399297,5.518993
chr1_173447359_173447668,14.730698
chr1_17454855_17455288,15.1845355
chr1_174937322_174937525,5.7883214999999995
chr1_175160901_175161109,18.562033
chr1_175568488_175568642,7.845544
chr1_176174471_176174980,25.205816
chr1_177896186_177896486,8.15985
chr1_178157578_178157966,9.451871
chr1_178207948_178208160,4.270032
chr1_178231351_178231525,5.569183
chr1_179110934_179111289,44.944759000000005
chr1_180120187_180120425,16.801378
chr1_181056649_181057124,18.647557
chr1_181060502_181060611,18.647557
chr1_181074349_181074924,15.972578
chr1_181075648_181075933,15.972578
chr1_181104473_181105818,9.987816666666667
chr1_181998739_181999134,5.551705999999999
chr1_182998797_182999044,9.748342999999998
chr1_183132366_183132749,5.187183
chr1_183133608_183133779,5.187183
chr1_183149947_183150219,9.241273
chr1_183239968_183240242,5.791094999999999
chr1_183241451_183241867,9.477556
chr1_183776671_183777014,33.668387
chr1_183811794_183811833,10.270681
chr1_183846576_183846867,9.467441
chr1_1840449_1840835,9.38278
chr1_184265554_184265938,5.518993
chr1_184724887_184725142,24.874727
chr1_185127324_185127657,28.145736
chr1_185344563_185345243,17.572316
chr1_185536131_185536449,4.981633
chr1_186943840_186944382,16.576408999999998
chr1_186947742_186948198,16.576408999999998
chr1_187996792_187997117,10.010280999999999
chr1_192458942_192459176,6.0092989999999995
chr1_19248887_19249092,15.039956
chr1_192500254_192500504,19.969171
chr1_192514282_192514417,26.518106
chr1_19253034_19253391,15.039956
chr1_19274997_19275345,13.804454999999999
chr1_19276270_19276542,13.804454999999999
chr1_19277155_19277462,13.804454999999999
chr1_192776947_192777226,34.890045
chr1_19278388_19278892,13.804454999999999
chr1_19280139_19280583,23.738381
chr1_192873637_192874003,5.935064
chr1_192921207_192921501,11.501297000000001
chr1_19336477_19336714,8.736359
chr1_19762527_19762798,7.070136
chr1_19794978_19795283,4.766301
chr1_19803336_19803680,6.214216
chr1_19803913_19804113,6.214216
chr1_19804974_19805167,3.3493839999999997
chr1_198092315_198092633,5.791429
chr1_198124316_198124670,18.535406
chr1_198128112_198128944,18.535406
chr1_19832322_19832519,3.3493839999999997
chr1_19839147_19839427,3.3493839999999997
chr1_198650930_198651643,5.451143
chr1_198901469_198901869,54.926562
chr1_198903935_198904934,54.926562
chr1_199711776_199712042,14.086859
chr1_199828633_199828987,17.7044745
chr1_200122559_200122752,3.90971
chr1_20091332_20091506,14.742865
chr1_201139670_201140154,16.69441
chr1_201463619_201463933,5.213186
chr1_201472589_201472996,30.633814
chr1_201520953_201521395,9.2057675
chr1_201524172_201524339,2.801443
chr1_201540345_201540578,3.6157150000000002
chr1_201572031_201572237,9.428449
chr1_201605860_201605966,13.877654
chr1_201619383_201619798,14.383282999999999
chr1_201682596_201682901,8.5296
chr1_201684946_201685300,8.5296
chr1_201742755_201743343,14.569708333333333
chr1_203259429_203259985,8.899113
chr1_203296328_203297068,16.3841885
chr1_203297101_203297334,16.035589
chr1_203481982_203482534,7.5342080000000005
chr1_203489584_203489741,5.439056
chr1_203576404_203576703,4.14594
chr1_203598711_203598999,9.658033
chr1_203599092_203599518,9.658033
chr1_203619380_203619832,6.3049915
chr1_203643182_203643803,10.980761
chr1_203661733_203662076,11.511189666666667
chr1_204058173_204058362,6.0656360000000005
chr1_204071387_204071653,7.526294
chr1_204073791_204074252,7.526294
chr1_204330284_204330553,4.66737
chr1_204386444_204387188,14.613104000000002
chr1_204387566_204387645,14.613104000000002
chr1_204430759_204431008,12.619311
chr1_204434923_204435081,3.7511660000000004
chr1_204486309_204486424,41.240934
chr1_205144631_205144860,12.262532
chr1_205253892_205254222,3.951311
chr1_205254805_205255191,3.951311
chr1_205267691_205267999,9.838
chr1_205270500_205270865,4.086132
chr1_205283024_205283394,12.832214
chr1_206748515_206748888,16.848988000000002
chr1_206748926_206749451,15.0154955
chr1_206859136_206859493,19.158146
chr1_206859748_206860259,19.158146
chr1_207997315_207997832,9.596092666666669
chr1_207999163_207999611,9.596092666666669
chr1_208021631_208021781,9.810102
chr1_208115711_208115874,15.501069000000001
chr1_208335369_208335711,8.402955
chr1_208339104_208339123,8.402955
chr1_208377298_208378003,8.402955
chr1_208412497_208412696,8.402955
chr1_208418631_208418859,8.402955
chr1_209822403_209823008,7.199896000000001
chr1_209942657_209943400,11.184491
chr1_209978699_209978810,14.947379999999999
chr1_210056461_210057439,6.111795
chr1_210058060_210058292,6.111795
chr1_211500826_211501119,15.342092000000001
chr1_211590216_211590571,15.686989
chr1_211688648_211688771,15.897835999999998
chr1_211753366_211753524,20.636214000000002
chr1_212458080_212458253,16.926326
chr1_212659054_212659720,4.090214
chr1_212769584_212769966,18.912895000000002
chr1_212808477_212808830,14.972477
chr1_212808992_212809268,14.972477
chr1_212809966_212810356,14.972477
chr1_212840606_212841015,16.823206
chr1_212841280_212841455,16.823206
chr1_21348947_21349299,16.980814000000002
chr1_21349725_21349786,16.980814000000002
chr1_214162828_214163073,11.652406
chr1_214601098_214601566,6.629110000000001
chr1_214612784_214613126,4.679973
chr1_214614555_214614760,3.871603
chr1_214619335_214619608,6.468440999999999
chr1_21475659_21476054,9.534308
chr1_215741534_215741966,20.901741
chr1_21588176_21588724,23.020739000000003
chr1_21588829_21589430,23.020739000000003
chr1_2162325_2162996,18.941778
chr1_21643831_21644195,6.156197
chr1_21649091_21649481,8.727717
chr1_21650806_21651685,11.973925
chr1_21660622_21661187,7.6999855
chr1_21663991_21664182,6.127178
chr1_21664400_21664833,6.127178
chr1_21664947_21665143,6.127178
chr1_216774004_216774285,14.0103
chr1_2177615_2177829,9.146594
chr1_218523725_218524123,23.728301000000002
chr1_218550674_218551089,9.927022000000001
chr1_218633382_218633612,15.927559
chr1_218636802_218637167,6.569281
chr1_218758903_218759111,16.441351
chr1_219497639_219497836,9.087635
chr1_219498496_219498646,9.087635
chr1_220865094_220865145,13.331885999999999
chr1_221049992_221050390,16.511862
chr1_221050798_221050949,16.511862
chr1_221209079_221209530,11.642871
chr1_221567491_221567844,13.500931
chr1_221612801_221613016,11.836598
chr1_221614030_221614267,11.836598
chr1_22184381_22184621,2.14323
chr1_221913881_221914483,22.305297
chr1_221916049_221916599,22.305297
chr1_222000173_222000483,6.015507
chr1_222002644_222003471,9.682789
chr1_2221868_2222548,9.846811
chr1_22231370_22231630,15.683456
chr1_22232811_22232851,15.683456
chr1_22235836_22236001,15.683456
chr1_22260274_22260656,15.683456
chr1_222638782_222639204,15.790254999999998
chr1_22266159_22266438,15.683456
chr1_22275479_22275551,15.683456
chr1_2230678_2230895,8.264994
chr1_2231691_2232185,8.264994
chr1_2232428_2232896,8.264994
chr1_22345590_22345859,9.583254
chr1_223892678_223892997,10.98501
chr1_223901276_223901546,19.997757999999997
chr1_223903033_223903347,19.997757999999997
chr1_223904365_223904567,19.997757999999997
chr1_223914239_223914747,11.241156
chr1_223964690_223965055,11.00827
chr1_224019430_224020596,18.83361
chr1_224032316_224032686,40.722152
chr1_224240602_224240763,7.582045
chr1_224545542_224546006,22.027239
chr1_2246556_2246763,7.234244
chr1_224685994_224686507,11.561274000000001
chr1_224690718_224691054,10.521088
chr1_224691192_224691563,11.2842755
chr1_224730441_224730985,24.64952633333333
chr1_224811590_224812043,7.551313
chr1_2253622_2253773,14.418315
chr1_2254081_2254230,14.418315
chr1_225613143_225613456,21.484431
chr1_225654906_225655584,9.704489
chr1_225845408_225845613,26.742028
chr1_225881856_225882162,5.754873
chr1_225934674_225934968,16.011771
chr1_226187685_226188168,20.045123
chr1_226189681_226190319,20.045123
chr1_226190534_226190731,20.045123
chr1_226288544_226288864,8.598195
chr1_226297611_226298113,9.468544
chr1_226848307_226848509,7.879022999999999
chr1_226849753_226849884,7.879022999999999
chr1_226852222_226852636,7.879022999999999
chr1_226867580_226868182,13.041628
chr1_226878935_226879345,6.67395
chr1_226884834_226885233,4.165243
chr1_226890865_226891416,27.773058000000002
chr1_226927547_226927740,19.620882
chr1_226997737_226998213,3.400389
chr1_227002760_227003096,8.1132015
chr1_227009018_227009221,6.255299
chr1_227128899_227129131,15.38561
chr1_227751865_227752213,50.33797
chr1_228273480_228273740,28.488202
chr1_228350789_228351109,14.618338
chr1_228783266_228783899,9.049536999999999
chr1_228973832_228974198,13.973734
chr1_229074291_229074557,5.714005
chr1_229692979_229693368,9.733706
chr1_230220475_230220731,7.245292
chr1_230240540_230240902,9.73327
chr1_230241590_230241986,9.73327
chr1_230249347_230250007,8.503228
chr1_23076914_23077145,9.239842
chr1_231002258_231002436,15.535920999999998
chr1_231113054_231113423,11.797271
chr1_231665787_231666093,34.269805
chr1_232107055_232107371,10.455062
chr1_232714427_232714703,10.406728
chr1_233249275_233249581,12.968316999999999
chr1_233250723_233251216,12.968316999999999
chr1_23426690_23427100,8.530653
chr1_23429944_23430077,8.530653
chr1_234658291_234658851,16.388274
chr1_234659231_234659760,16.388274
chr1_234680207_234680593,12.929291000000001
chr1_234736336_234736615,31.623996999999996
chr1_234737347_234737653,31.623996999999996
chr1_234738546_234738834,31.623996999999996
chr1_234746093_234747674,31.623996999999996
chr1_234748100_234748931,31.623996999999996
chr1_234749342_234749645,31.623996999999996
chr1_234767593_234767925,10.859305
chr1_234792654_234793437,9.739780999999999
chr1_234793934_234794239,9.739780999999999
chr1_234812067_234812214,5.605403
chr1_234857710_234858181,27.421695
chr1_234858843_234859287,27.421695
chr1_234907393_234907835,12.283136
chr1_234908151_234908764,12.283136
chr1_234980393_234980645,12.074147
chr1_234981045_234981471,12.074147
chr1_234987212_234987644,9.72057
chr1_235069269_235069652,17.231920000000002
chr1_235096560_235096855,14.386444000000001
chr1_235106929_235107153,8.367572000000001
chr1_235110834_235111403,8.577508
chr1_235112749_235113173,29.983596999999996
chr1_235114050_235115068,29.983596999999996
chr1_235120162_235120433,29.983596999999996
chr1_235122652_235122939,29.983596999999996
chr1_235133014_235133422,29.957493
chr1_235134086_235134438,29.957493
chr1_235146978_235147112,10.678936
chr1_235183936_235184197,18.061769
chr1_23523350_23523682,19.590564999999998
chr1_235246558_235246857,21.599797
chr1_235267591_235267744,8.714994
chr1_235668656_235669018,33.076139000000005
chr1_236030835_236031025,13.221510999999998
chr1_236031049_236031919,13.221510999999998
chr1_236080566_236081247,19.889407000000002
chr1_236135691_236135959,12.687433
chr1_236150188_236150690,8.481034
chr1_236162583_236163199,11.628421000000001
chr1_23882500_23882866,64.397818
chr1_23888678_23889201,64.397818
chr1_23903714_23904323,6.622724000000001
chr1_23961555_23961694,26.866222999999998
chr1_241775803_241776227,11.692358
chr1_243428005_243428394,13.170687999999998
chr1_243431437_243431793,9.587816
chr1_243451071_243451374,15.342072
chr1_243637125_243637295,14.687731
chr1_244011895_244012034,22.7398
chr1_244215508_244215901,28.959640000000004
chr1_244462616_244463099,17.558419
chr1_244466323_244466598,10.014021000000001
chr1_244486299_244486688,12.114225999999999
chr1_244505125_244505457,16.003624
chr1_244512430_244512879,6.53435
chr1_244517098_244517541,15.645489000000001
chr1_244763140_244763529,19.904366
chr1_24476382_24476609,5.060512999999999
chr1_244894306_244894456,7.7072259999999995
chr1_245082176_245082355,17.898597
chr1_245255337_245255432,16.466971
chr1_246038342_246038749,9.263587
chr1_246730569_246731007,27.410934
chr1_246732690_246733040,27.410934
chr1_246751015_246751281,15.508728
chr1_246772310_246772610,16.800411999999998
chr1_246862505_246862699,14.474813000000001
chr1_247093396_247093478,20.436873000000002
chr1_2478276_2478817,14.926932999999998
chr1_249157308_249157673,12.695517
chr1_24970685_24970736,39.744104
chr1_25051079_25051208,11.630922
chr1_25095502_25095845,11.948141
chr1_2509702_2510198,10.538749000000001
chr1_25559638_25560067,26.217432000000002
chr1_25566195_25566411,8.601479
chr1_25566618_25566670,8.601479
chr1_2574343_2574764,27.517390000000002
chr1_25942744_25943208,5.236219
chr1_26201699_26201757,12.759252
chr1_26249033_26249281,15.118276000000002
chr1_26677301_26677628,11.474741999999999
chr1_26827232_26827869,14.488427
chr1_26946837_26947249,23.111253
chr1_26947342_26948198,23.111253
chr1_27024638_27025138,22.953928
chr1_27112764_27112917,24.646951
chr1_27154485_27154771,6.754188
chr1_27154983_27155478,6.754188
chr1_27175784_27176273,10.805328999999999
chr1_27191386_27191927,17.244594
chr1_27321452_27321840,8.770774000000001
chr1_27691785_27692261,13.241765
chr1_27762936_27763307,8.237283
chr1_27869425_27869556,3.633568
chr1_27957478_27958684,4.0905059999999995
chr1_28098635_28098880,31.799321999999997
chr1_28189568_28190269,5.560166000000001
chr1_28199684_28200598,11.641119
chr1_28201800_28202156,18.955112
chr1_28318645_28318992,4.857577
chr1_28437098_28437429,5.5496669999999995
chr1_28437697_28438098,5.5496669999999995
chr1_29214759_29214998,20.365436
chr1_29253461_29253677,4.597061
chr1_29451057_29451462,14.523125
chr1_29563709_29564430,2.987854
chr1_29565515_29565732,2.987854
chr1_29565762_29566055,2.987854
chr1_31241795_31242280,5.311094000000001
chr1_31537719_31538012,41.240627
chr1_31627566_31627958,13.371885
chr1_32015159_32015590,9.121257
chr1_32108020_32108204,50.050067
chr1_32180603_32180986,11.081725
chr1_32253647_32254040,19.046096
chr1_32263216_32263220,12.364347
chr1_3229711_3230157,5.117543
chr1_32354934_32355150,15.056543
chr1_32420307_32420572,11.231124000000001
chr1_32421622_32422096,11.231124000000001
chr1_32701561_32701886,5.054696
chr1_32715599_32716062,9.920432
chr1_32732571_32732683,13.301832999999998
chr1_32966228_32966602,11.840702
chr1_33077721_33078012,7.795493
chr1_33220297_33220575,4.199078
chr1_33405191_33405597,4.3607309999999995
chr1_33438571_33438703,21.000888
chr1_33446816_33447482,15.943551999999999
chr1_33447667_33447707,15.943551999999999
chr1_33463131_33463490,11.427114
chr1_33463690_33463885,11.427114
chr1_33645848_33646140,9.159517
chr1_33804359_33804743,5.7088339999999995
chr1_3420761_3421065,15.601401000000001
chr1_3421438_3421558,15.601401000000001
chr1_3459907_3460197,8.982213
chr1_36183411_36183689,13.888352
chr1_36555347_36555633,18.200709
chr1_36616485_36616868,26.840789
chr1_36617554_36617914,26.840789
chr1_36626561_36626969,22.830141
chr1_36627717_36628369,22.830141
chr1_36641160_36641451,3.929275
chr1_36814630_36815106,17.445913
chr1_36839449_36839891,11.834044
chr1_36840093_36840535,11.834044
chr1_36849527_36849580,31.367615
chr1_37937293_37937526,14.182858
chr1_37942874_37943354,14.182858
chr1_37944084_37944971,14.182858
chr1_3817648_3818071,26.107247
chr1_38465723_38465839,32.813579
chr1_38471999_38472226,16.62546
chr1_38495782_38495936,8.167373
chr1_39193613_39193736,5.074212999999999
chr1_39596184_39596482,13.291897
chr1_39598118_39598362,24.879987
chr1_39598673_39599090,24.879987
chr1_39662647_39663006,12.279166
chr1_39857791_39857995,9.519535000000001
chr1_39874208_39874673,12.5710155
chr1_40841336_40841595,8.030366
chr1_41178788_41178979,9.783283
chr1_41961925_41962146,12.683060000000001
chr1_42127851_42128791,8.410751
chr1_42192975_42193489,11.849628
chr1_42277077_42277342,9.797782000000002
chr1_42328578_42328878,6.163901
chr1_42356899_42357259,16.603018
chr1_42366364_42366624,18.590076999999997
chr1_43405621_43405821,18.980086
chr1_43406108_43407009,18.980086
chr1_43407355_43407700,18.980086
chr1_43760174_43760222,5.1395550000000005
chr1_43761236_43761355,5.1395550000000005
chr1_43839359_43839523,6.39735
chr1_43997843_43998152,12.274877
chr1_44015731_44016125,3.797804
chr1_44176533_44177122,10.996087
chr1_44951424_44951733,29.463904
chr1_45738634_45738975,8.990139
chr1_46008399_46008548,3.9867760000000003
chr1_46009549_46009894,3.9867760000000003
chr1_46010722_46010902,3.9867760000000003
chr1_46268583_46268737,15.350268
chr1_46632893_46633236,12.863206
chr1_46712372_46712767,16.360612
chr1_47677583_47677805,21.026878
chr1_47690580_47690745,30.861507
chr1_47700901_47701346,6.721838000000001
chr1_47800262_47800514,23.742329
chr1_51703075_51703494,37.421161
chr1_51769565_51770027,15.35604
chr1_53020482_53020832,19.922023
chr1_54739679_54739787,6.834156
chr1_54868582_54868776,8.379705
chr1_54873075_54873515,10.766116
chr1_54953784_54954325,22.452524
chr1_55894779_55895033,8.206448
chr1_56972242_56972492,3.8342519999999998
chr1_57042744_57043185,22.462726
chr1_57043287_57044160,22.462726
chr1_57297629_57297838,9.477556
chr1_59050239_59050578,7.997478
chr1_59083966_59084335,6.2268
chr1_59221049_59221462,13.716951000000002
chr1_59228706_59229186,10.465357000000001
chr1_59229881_59230252,10.465357000000001
chr1_59278592_59278937,23.205909
chr1_59280364_59280505,23.205909
chr1_59280773_59281281,23.205909
chr1_59281510_59281579,23.205909
chr1_59281873_59282217,23.205909
chr1_59347262_59347482,9.564847999999998
chr1_59369049_59370138,15.6017195
chr1_59479443_59479773,15.725722
chr1_59537846_59538168,3.929275
chr1_59758328_59758666,3.90827
chr1_60062084_60062408,11.703109
chr1_60144543_60144796,3.9759019999999996
chr1_61039424_61039611,6.291711
chr1_61415107_61415301,5.597483
chr1_61522505_61523042,14.504307
chr1_61543611_61543877,16.573391
chr1_61549054_61549253,16.573391
chr1_61649786_61650305,9.572017
chr1_61918819_61919182,21.532779
chr1_62072423_62072573,10.167326
chr1_64197270_64197475,9.032905
chr1_65363729_65364057,11.969169
chr1_65364183_65364439,11.969169
chr1_65381647_65381826,6.670978999999999
chr1_65383044_65383557,6.670978999999999
chr1_65398951_65399446,5.392862999999999
chr1_65534177_65534450,29.718566999999997
chr1_65534990_65535126,29.718566999999997
chr1_65731337_65731853,6.736872999999999
chr1_65888047_65888596,32.922841
chr1_6661008_6661639,33.377548
chr1_66736293_66736539,9.598151
chr1_66793414_66793646,21.135719
chr1_66800202_66800555,42.832297499999996
chr1_66815726_66816360,19.757979000000002
chr1_66817705_66818086,19.757979000000002
chr1_66904732_66904991,9.694345
chr1_66910997_66911424,7.831624000000001
chr1_67029191_67029437,18.936938
chr1_67029939_67030347,18.936938
chr1_67198280_67198800,12.4300335
chr1_68084470_68084693,13.973094
chr1_68189225_68189635,14.718656
chr1_68215256_68215932,8.273467
chr1_68257818_68258216,13.843710999999999
chr1_68345947_68346247,2.461008
chr1_68354536_68354908,4.0622665
chr1_68640572_68640736,17.253412
chr1_68849988_68850367,6.9681809999999995
chr1_70877943_70877992,21.528389999999998
chr1_72749220_72749791,42.433686
chr1_72750417_72750888,42.433686
chr1_7359415_7359679,10.800877999999999
chr1_7461964_7462325,10.440847999999999
chr1_7531062_7531540,9.114479
chr1_76080205_76080672,7.009594
chr1_76080988_76081082,7.009594
chr1_7609389_7609632,8.467752
chr1_76541670_76541922,15.762369
chr1_77980165_77980378,13.3955515
chr1_7843556_7843653,17.126501
chr1_78469106_78469287,38.020749
chr1_78561383_78561632,8.616875
chr1_78567287_78567595,11.4840035
chr1_8107848_8108157,9.921978
chr1_8121436_8121582,12.261391999999999
chr1_8154517_8154933,21.301807
chr1_8156648_8157003,21.301807
chr1_8157417_8157780,21.301807
chr1_8181009_8181247,19.338492000000002
chr1_8194345_8194402,10.361103
chr1_8198088_8198334,26.935457
chr1_82168687_82169067,13.400421
chr1_82268420_82269588,20.445048
chr1_8229904_8230047,11.590387
chr1_8254637_8254907,5.333208
chr1_8257762_8258040,15.265862
chr1_8272041_8272390,14.315748999999999
chr1_8319137_8319616,6.33627
chr1_84710038_84710507,17.01024
chr1_84971050_84971209,39.781633
chr1_85038681_85038996,33.170045
chr1_85320078_85320332,10.201297
chr1_85744584_85744829,29.630754999999997
chr1_85779776_85780132,9.829753
chr1_85794698_85795078,22.068284
chr1_85795855_85796291,22.068284
chr1_85796595_85797055,22.068284
chr1_86049987_86050100,95.578535
chr1_86072885_86073441,10.289759
chr1_86078461_86078819,9.270622
chr1_87171187_87171726,37.762483
chr1_87240012_87240427,6.76465
chr1_87253936_87254322,5.915927
chr1_87258759_87259068,14.126923000000001
chr1_87617997_87618150,9.321254
chr1_87799623_87799998,10.14551
chr1_87800631_87801610,10.14551
chr1_8933581_8933925,20.425628
chr1_89358212_89358439,22.785194
chr1_89594590_89594813,11.502172999999999
chr1_90101821_90102213,44.953165999999996
chr1_90185639_90185820,8.55791
chr1_90189523_90189798,8.289519
chr1_90190139_90190909,8.289519
chr1_90226973_90227143,11.437852000000001
chr1_90309838_90310280,14.55391
chr1_90372321_90372729,8.1860795
chr1_90374317_90375036,13.841922000000002
chr1_9222919_9223181,21.420023
chr1_9223907_9224260,21.420023
chr1_92497404_92497581,11.111161
chr1_9271499_9271772,6.49067
chr1_9293549_9293739,19.748361
chr1_93270252_93270588,10.093372
chr1_93914812_93914954,21.124457999999997
chr1_9399032_9399161,7.125681
chr1_94089710_94089715,13.987522
chr1_94093325_94093611,13.987522
chr1_94127789_94128026,12.094892999999999
chr1_94158601_94159338,8.151083
chr1_94167175_94167520,7.816541
chr1_94244939_94245309,12.490882000000001
chr1_94527681_94527931,8.97337
chr1_94532879_94533090,24.628368
chr1_94535371_94535770,24.628368
chr1_94557832_94558157,21.264059
chr1_94701813_94701865,49.789377
chr1_94712051_94712193,42.97275
chr1_94712395_94712617,42.97275
chr1_9473687_9473864,14.500224
chr1_94784984_94785158,10.385292999999999
chr1_94788386_94788592,27.280564000000002
chr1_94792807_94793133,27.280564000000002
chr1_95258204_95258621,11.122672
chr1_956563_956812,9.514723
chr1_96828119_96828533,3.467243
chr1_98315619_98315765,7.038185
chr1_98366677_98366793,14.249144
chr1_98403373_98403764,4.621437
chr1_98512823_98513144,13.212973999999999
chr1_98518546_98518920,26.079432
chr1_98677142_98677181,23.365195
chr1_98788970_98789228,14.466144
chr1_98789496_98789901,14.466144
