name_E,H3k4me1_E
chr10_1100843_1101035,12.058415
chr10_2159978_2160127,4.812091
chr10_2256285_2256680,5.833033
chr10_3028046_3028193,6.467027
chr10_3133662_3133717,10.376675
chr10_3137708_3138098,10.376675
chr10_3283578_3283803,1.776995
chr10_3284966_3285255,1.776995
chr10_3497590_3497951,10.302267
chr10_3507725_3507898,9.72121
chr10_3509617_3509911,9.72121
chr10_3510310_3510716,9.72121
chr10_3511181_3511689,9.72121
chr10_3524547_3524820,8.807663
chr10_3526849_3527147,8.807663
chr10_3528683_3528786,8.807663
chr10_3542742_3543014,10.555719
chr10_3568141_3568290,8.947164
chr10_3710838_3711066,10.251629
chr10_3762746_3763172,13.338983
chr10_3782727_3783283,11.611602
chr10_3797195_3797502,13.965881
chr10_3800307_3800531,13.965881
chr10_3807382_3807563,16.861233
chr10_3845250_3845852,13.766414
chr10_3845999_3846426,13.766414
chr10_3846443_3847038,13.766414
chr10_3848037_3849536,13.766414
chr10_3850308_3850795,13.766414
chr10_3852273_3852886,13.766414
chr10_3853393_3854169,13.766414
chr10_3867491_3867713,9.130924
chr10_3870489_3871262,9.0581705
chr10_3893365_3894190,11.315559
chr10_3900999_3901229,9.467888
chr10_3909715_3910075,10.246015
chr10_3917358_3918120,9.384626
chr10_3928866_3929216,10.537671
chr10_3929991_3930887,10.537671
chr10_3932191_3932411,10.537671
chr10_3936015_3936390,6.583291
chr10_3938329_3938538,6.583291
chr10_3944367_3944901,4.989207
chr10_3984866_3985563,10.862157
chr10_3985648_3985956,10.862157
chr10_3991165_3991394,7.510712
chr10_4088404_4088528,2.863001
chr10_4172866_4173257,9.488988
chr10_4173688_4174411,9.488988
chr10_4248027_4248358,9.083292
chr10_4289203_4289519,8.467596
chr10_4386754_4387085,9.758391
chr10_4396174_4396330,9.82477
chr10_4705159_4705783,10.387963
chr10_4711881_4712067,9.159201
chr10_4712833_4713220,9.159201
chr10_4728868_4729211,11.703017
chr10_4813646_4813900,5.9387455
chr10_4855217_4855416,9.823808
chr10_4891874_4892173,11.637316
chr10_4989909_4990226,7.534439
chr10_500969_501047,9.739844
chr10_5113786_5114179,9.115256
chr10_5333644_5334212,15.696793
chr10_5334474_5334640,15.696793
chr10_5336164_5336286,12.941162
chr10_5359534_5359986,8.974939
chr10_556579_556951,7.09835
chr10_557102_557353,7.09835
chr10_5587810_5588190,13.544766
chr10_5588881_5589169,13.544766
chr10_5590010_5590295,13.544766
chr10_5590959_5591270,13.544766
chr10_5593718_5593999,13.544766
chr10_5596279_5596669,13.544766
chr10_5607602_5608000,15.282386
chr10_5638863_5639270,15.757768
chr10_593455_593774,8.149851
chr10_990446_990769,10.965932
chr1_100000188_100000393,1.892265
chr1_100113534_100114036,7.204559
chr1_100512510_100512716,4.789858
chr1_1005293_1005547,2.5350085
chr1_100820585_100820838,12.935105
chr1_10127211_10127315,6.716042
chr1_1014834_1015095,6.689671
chr1_101725356_101725679,7.929233
chr1_101774729_101775525,6.144679999999999
chr1_101776223_101776281,1.894927
chr1_103572619_103572906,7.054694
chr1_10556105_10556527,13.232593
chr1_10557233_10557456,13.232593
chr1_10695291_10695734,8.285072
chr1_10757179_10757344,5.577803
chr1_10804844_10805001,11.780172
chr1_10816030_10816223,7.895077
chr1_108478082_108478329,7.930025
chr1_108479405_108480123,13.642412
chr1_10853986_10854555,3.988029
chr1_108584121_108584359,11.073033
chr1_108584447_108584892,11.073033
chr1_108600214_108600460,7.994858
chr1_108650339_108650754,4.478662
chr1_108741685_108742156,4.248148
chr1_109100040_109100237,1.820751
chr1_109104473_109104583,4.4526065
chr1_109189516_109189718,11.157642
chr1_109246671_109246905,9.67428
chr1_109262615_109262764,8.491376
chr1_1093610_1093958,8.26741
chr1_10960432_10960567,9.783704
chr1_109800134_109800539,8.480787
chr1_109841804_109842152,7.882445
chr1_109842394_109842833,7.882445
chr1_109913179_109913623,7.993434
chr1_109933790_109934137,7.509054
chr1_110160052_110160461,7.9292264999999995
chr1_110334849_110335164,7.067695
chr1_110335775_110336041,7.067695
chr1_110336950_110337403,7.067695
chr1_110363861_110364229,7.727233
chr1_110364881_110365302,7.727233
chr1_110366477_110366702,4.635278
chr1_110444415_110444738,6.63792
chr1_110537379_110537528,3.264689
chr1_110626726_110627062,4.913335
chr1_110879130_110879445,7.825554
chr1_111177471_111177854,3.034822
chr1_111735402_111735659,10.085209
chr1_111735691_111736003,10.085209
chr1_111757482_111757860,13.26171
chr1_111758440_111759106,10.6805315
chr1_111764327_111764759,7.926935
chr1_112048437_112048734,1.655136
chr1_112050044_112050594,3.6521999999999997
chr1_112058341_112058601,4.477068
chr1_112058803_112059167,4.477068
chr1_112135698_112135869,8.277351
chr1_112163412_112163797,4.190671
chr1_112163826_112164071,4.190671
chr1_112276731_112276883,5.94842
chr1_112901525_112901779,10.556846
chr1_112942216_112942335,7.213396
chr1_113086746_113087141,12.516697
chr1_113584893_113585079,8.992032
chr1_113683682_113683919,6.167527
chr1_11376903_11377179,8.801516
chr1_114326143_114326379,8.111338
chr1_114575620_114575801,8.309122
chr1_114656563_114656717,9.375645
chr1_114665635_114666029,7.333824
chr1_114997819_114998047,6.511202
chr1_115052481_115052766,6.030777
chr1_115605190_115605611,10.19719
chr1_115605746_115606114,10.19719
chr1_115627657_115627928,7.519623
chr1_115641281_115641604,5.247353
chr1_115709526_115709713,9.483327
chr1_115713702_115714032,9.483327
chr1_115722074_115722498,7.741687
chr1_115732772_115733197,10.573315
chr1_115873164_115873576,7.397252
chr1_115968975_115969167,6.759251
chr1_116039640_116039989,7.6819325
chr1_116088478_116088732,6.9256910000000005
chr1_116221756_116221883,12.769138
chr1_116291091_116291334,6.7298
chr1_116370977_116371565,9.359636
chr1_116520279_116520650,6.790118
chr1_116878887_116879201,4.507028
chr1_116918925_116919548,10.593732
chr1_116920378_116921129,10.593732
chr1_116923407_116923493,10.593732
chr1_117030831_117031034,13.196058
chr1_117032033_117032296,10.405105
chr1_117046366_117046546,8.056472
chr1_117047053_117047428,8.056472
chr1_117050808_117051139,8.056472
chr1_117051576_117051921,8.056472
chr1_117080047_117080432,10.197416
chr1_117081238_117081452,10.197416
chr1_117082797_117083071,10.197416
chr1_117100772_117101124,9.399451
chr1_117111804_117112156,2.423447
chr1_117112460_117112738,2.423447
chr1_117130518_117130699,4.590779
chr1_117132073_117132239,4.590779
chr1_117280613_117280924,3.005056
chr1_117281390_117281752,3.005056
chr1_117305811_117306472,1.54501
chr1_1173386_1173736,4.569777
chr1_117363043_117363386,8.271519
chr1_117421623_117422020,8.139248
chr1_117422443_117422644,8.139248
chr1_117424835_117425013,5.172619
chr1_11753086_11753651,8.885345
chr1_118197244_118197521,9.269318
chr1_118197868_118198044,9.269318
chr1_118198788_118199247,9.269318
chr1_118678137_118678411,1.634824
chr1_11990003_11990329,13.326196
chr1_120052717_120053071,5.114043
chr1_120147764_120147961,7.323343
chr1_120255895_120256325,6.745811
chr1_120525502_120525838,6.634402
chr1_120530787_120531205,9.568728
chr1_12112067_12112502,11.076983
chr1_12193120_12193399,7.82817
chr1_12221931_12222397,6.388869
chr1_12493313_12493712,12.339356
chr1_12493910_12494304,12.339356
chr1_12508783_12509005,6.942851
chr1_12509354_12509466,6.942851
chr1_12609717_12610039,11.020883
chr1_12675687_12675874,5.111875
chr1_1295535_1296332,8.266182
chr1_1368471_1368786,7.764867499999999
chr1_13917058_13917313,8.53951
chr1_13931629_13932064,5.744802
chr1_14027926_14028325,5.187368
chr1_14029077_14029879,5.187368
chr1_142538903_142539547,7.9692
chr1_144533627_144534178,9.360934
chr1_144536201_144536370,9.360934
chr1_14467397_14467540,8.01965
chr1_144908312_144908601,14.12201
chr1_144908806_144909147,14.12201
chr1_144927217_144927550,9.602517
chr1_144986415_144987071,11.965712
chr1_144987154_144987391,11.965712
chr1_145009158_145009716,12.559734
chr1_145012331_145013054,7.727585
chr1_145023690_145024549,8.6237645
chr1_145042783_145043227,11.9803475
chr1_145054975_145055306,3.427005
chr1_145090155_145090603,10.054139
chr1_145092450_145092883,10.054139
chr1_145113904_145114998,7.79103
chr1_145226678_145226829,5.584496
chr1_145433530_145433648,7.01905
chr1_145435103_145435641,7.01905
chr1_145437595_145437817,7.01905
chr1_145454760_145454851,12.094513
chr1_145455122_145455741,12.094513
chr1_145526126_145526326,10.520538
chr1_146764405_146764804,4.58227
chr1_147775754_147775884,7.608538
chr1_147806841_147807184,5.33826
chr1_14843752_14844090,11.78677
chr1_149978692_149979077,7.605706
chr1_149981648_149981889,7.605706
chr1_150135231_150135764,7.345275
chr1_150185878_150186128,4.586664
chr1_150231710_150231944,11.548491
chr1_150294873_150295138,8.451856
chr1_150577042_150577503,7.2049520000000005
chr1_150585815_150586394,6.7360405
chr1_150592182_150592667,7.5957539999999995
chr1_15059594_15059681,8.605981
chr1_150600412_150600701,7.5957539999999995
chr1_150949569_150950014,8.523802
chr1_151166314_151166527,10.760422
chr1_151168297_151168505,12.208598
chr1_151172620_151173197,7.335573
chr1_151284018_151284391,18.337708
chr1_151445792_151446161,4.418411
chr1_151485676_151485841,14.91539
chr1_151486181_151486300,14.91539
chr1_151809390_151809745,6.339743
chr1_151871280_151871437,4.457052
chr1_151877533_151877895,4.43166
chr1_151913142_151913275,9.106703
chr1_151913574_151913780,9.106703
chr1_151913815_151914271,9.106703
chr1_151916920_151917624,13.338124
chr1_151918898_151919222,13.338124
chr1_151945068_151945221,7.591094
chr1_151960875_151961433,7.591094
chr1_151961675_151962369,7.591094
chr1_151968368_151968560,7.591094
chr1_152006910_152007460,5.999934
chr1_152007615_152008057,5.999934
chr1_152010545_152011004,4.134199
chr1_152022022_152022514,10.778032
chr1_152137288_152137323,10.49511
chr1_15240254_15240560,8.554778
chr1_153337774_153338142,10.167711
chr1_153358841_153359368,11.692459
chr1_153361312_153361704,8.890595
chr1_153488459_153488748,8.120989
chr1_153504746_153504953,7.168298
chr1_153525322_153525412,5.463881
chr1_153526279_153526545,5.4632175
chr1_153541018_153541368,8.02164
chr1_153545866_153546049,6.350474
chr1_153583449_153583810,7.985948
chr1_153715466_153715694,4.465671
chr1_153762591_153763309,7.5108
chr1_153936554_153936861,5.717946
chr1_154166147_154166533,7.622649
chr1_15416988_15417263,9.516388
chr1_154299137_154299452,7.587013
chr1_154391539_154392211,10.3035895
chr1_154392646_154393050,10.3035895
chr1_154397743_154397997,10.3035895
chr1_154404273_154404562,8.0323525
chr1_154405181_154405498,8.0323525
chr1_154579303_154579782,7.68969
chr1_154582047_154582244,12.151765
chr1_154699087_154699216,9.425755
chr1_154910155_154910399,11.811856
chr1_154972628_154972915,8.24974
chr1_154973036_154973200,8.24974
chr1_154973335_154973935,9.37144
chr1_154977099_154977253,8.883588
chr1_154978035_154978657,8.883588
chr1_154979104_154979305,8.883588
chr1_155098409_155098801,4.577632
chr1_155283531_155283932,2.234082
chr1_155469100_155469412,6.790954
chr1_155535083_155535193,2.33482
chr1_155620238_155620623,10.807116
chr1_15572643_15572853,5.308107
chr1_15587144_15587415,8.510501
chr1_155944562_155945214,8.361085
chr1_155945743_155946196,8.361085
chr1_155946363_155946660,8.361085
chr1_156066868_156067143,10.779032
chr1_156073142_156073699,12.669173
chr1_156073854_156074351,12.669173
chr1_156074715_156075305,12.669173
chr1_156089405_156089622,13.297992
chr1_156095033_156095181,13.297992
chr1_15616896_15617243,2.64253
chr1_156251648_156251762,9.91527
chr1_156426931_156427503,4.12618
chr1_156468556_156468776,5.251001499999999
chr1_156472693_156472952,8.631542
chr1_156473111_156473378,8.631542
chr1_156474686_156475018,8.631542
chr1_156541089_156541488,9.603552
chr1_156629760_156630406,7.009205
chr1_15664307_15664455,8.834181
chr1_15664580_15664866,8.834181
chr1_156663993_156664153,7.713964
chr1_156676478_156676824,5.646249
chr1_156718467_156719136,10.940267
chr1_156719450_156719815,10.940267
chr1_156781780_156782101,11.43734
chr1_156864713_156865066,11.821315
chr1_156895977_156896091,11.488333
chr1_157076072_157076782,8.164500499999999
chr1_157106691_157107326,11.889909
chr1_157124774_157125221,5.706887
chr1_15738146_15738632,8.253534
chr1_15738661_15738986,8.253534
chr1_15742467_15743324,8.253534
chr1_157938818_157938961,11.285303
chr1_157964633_157965029,5.97158
chr1_157980631_157980890,5.97158
chr1_157989414_157989935,5.97158
chr1_158117571_158117948,9.82644
chr1_158942717_158942925,1.507284
chr1_158970513_158970716,5.922983
chr1_158982200_158982857,5.872527
chr1_15946733_15946892,8.048242
chr1_159798443_159799254,4.678371
chr1_159819832_159820037,7.355697
chr1_159851477_159851987,9.894574
chr1_159859603_159860031,7.920963
chr1_159880076_159880706,10.236632
chr1_159892447_159892988,10.236632
chr1_159907968_159908165,8.220495
chr1_159910997_159911192,8.220495
chr1_159914077_159914586,8.220495
chr1_159961374_159961617,4.231839
chr1_16007283_16007579,13.0479875
chr1_160087563_160087915,7.416564
chr1_16030221_16030623,8.872639
chr1_160377718_160378261,8.165738
chr1_160402251_160402521,9.206552
chr1_160407857_160407975,8.414877
chr1_160696081_160696317,7.430038
chr1_160736716_160737349,7.968016
chr1_160737478_160737714,7.968016
chr1_160767869_160768231,4.631597
chr1_16087189_16087372,6.032484
chr1_160982920_160983992,10.207483
chr1_160989381_160990254,10.400834
chr1_161037907_161038726,6.455625
chr1_161050902_161051096,10.691196
chr1_161052363_161052546,10.691196
chr1_161170260_161170636,10.709844
chr1_161170933_161171185,10.709844
chr1_16125579_16125747,10.113134
chr1_161348767_161349231,2.295943
chr1_161352257_161352597,5.109347
chr1_161356382_161356652,2.295943
chr1_161359666_161360218,2.295943
chr1_161500608_161500899,3.3598
chr1_16156384_16156536,8.31224
chr1_161706477_161706712,9.040765
chr1_16176617_16176801,8.650526
chr1_161973588_161973892,8.530174
chr1_16212759_16213091,8.165599499999999
chr1_162508612_162508929,5.244199999999999
chr1_162511455_162511984,5.244199999999999
chr1_162518132_162518252,4.9946470000000005
chr1_162659800_162660152,11.081581
chr1_16276028_16276482,15.180045
chr1_16277350_16278224,15.180045
chr1_162827762_162827953,5.162748
chr1_16292565_16293101,7.339522
chr1_162954567_162954830,6.852129
chr1_162967342_162967569,4.209785
chr1_163005587_163006022,6.713938
chr1_163006587_163006657,6.713938
chr1_16401814_16401932,15.466837
chr1_16442572_16442804,5.524132
chr1_164686304_164686686,4.437384
chr1_164723371_164723492,3.946775
chr1_164734934_164735098,5.408583
chr1_164736884_164737252,5.408583
chr1_164750243_164750515,4.555782
chr1_16478939_16479163,5.524132
chr1_16479299_16479465,5.524132
chr1_16499761_16499895,5.524132
chr1_16502532_16502678,5.524132
chr1_16508402_16508642,5.524132
chr1_165823413_165823808,5.92445
chr1_165868061_165868423,12.08851
chr1_16677236_16677843,5.854074
chr1_167423404_167424221,3.1899
chr1_167424728_167425462,3.1899
chr1_167425853_167426232,3.1899
chr1_167586596_167587245,7.709697
chr1_167730247_167730494,5.862267
chr1_167766380_167766616,8.094076
chr1_167954240_167954407,6.162214
chr1_168050664_168051125,4.8429845
chr1_168440429_168440721,6.750298
chr1_168446219_168446589,8.669462
chr1_169071998_169072131,8.826461
chr1_169553917_169554291,12.727162
chr1_169860308_169860488,6.375136
chr1_169884881_169885211,5.687657
chr1_17019394_17019738,4.60244
chr1_170555759_170556062,1.931597
chr1_170633923_170634526,4.611728
chr1_170677232_170677374,6.984008
chr1_171189238_171189444,7.442028
chr1_171191543_171191565,7.442028
chr1_171255417_171255820,8.624518
chr1_1714020_1714715,7.631455
chr1_171407653_171408026,10.884485999999999
chr1_171712214_171712716,10.11787
chr1_172150675_172151005,5.068023
chr1_172291507_172291926,8.903901
chr1_17231253_17231704,7.984337
chr1_172324588_172324814,8.700352
chr1_172327070_172327187,8.700352
chr1_172327558_172328156,8.700352
chr1_17254357_17254559,12.471604
chr1_172606833_172606931,13.464022
chr1_172631926_172632270,8.443569
chr1_172666682_172666997,8.101766
chr1_172667452_172667583,8.101766
chr1_172715484_172715760,5.941589
chr1_172828423_172828792,11.58135
chr1_172852442_172852809,3.953523
chr1_172863432_172863838,6.924514666666667
chr1_172878579_172879356,7.518943
chr1_172882769_172883147,3.953523
chr1_172887147_172887473,6.0526735
chr1_172888696_172888994,6.0526735
chr1_172900674_172900969,3.953523
chr1_172903010_172903534,5.180129
chr1_172917653_172917863,3.953523
chr1_172920935_172921277,3.953523
chr1_172938789_172938985,3.953523
chr1_172972573_172972790,8.120651
chr1_173008475_173008781,3.229804
chr1_173081389_173081497,10.483704
chr1_173091914_173092434,8.081026
chr1_173092552_173092771,8.081026
chr1_173398914_173399297,8.643032
chr1_173447359_173447668,5.451433
chr1_17425016_17425355,8.243305
chr1_17454855_17455288,13.070381
chr1_174788416_174788807,7.422294
chr1_17494378_17494745,11.827172
chr1_17495208_17495390,11.827172
chr1_175145439_175145838,5.434927
chr1_175158150_175158288,7.5349625
chr1_175160901_175161109,7.5349625
chr1_17518130_17518260,11.670683
chr1_17518941_17519138,11.670683
chr1_17534687_17534794,8.556423
chr1_17578205_17578469,12.209035
chr1_176174471_176174980,4.012836
chr1_176501841_176501939,5.594981
chr1_176964272_176964382,7.840196
chr1_177150553_177151051,10.696364
chr1_177178348_177178736,10.948457333333332
chr1_1772108_1772256,8.011892
chr1_177896186_177896486,9.463154
chr1_178121154_178121309,7.87322
chr1_178207948_178208160,8.396891
chr1_178231351_178231525,4.598626
chr1_178252303_178252477,7.708228
chr1_178509347_178509739,7.945560500000001
chr1_17896198_17896624,9.840221
chr1_179110934_179111289,5.8198
chr1_17956441_17957463,1.644581
chr1_17962245_17962730,4.867985
chr1_180120187_180120425,7.601409
chr1_180200315_180200683,3.973996
chr1_180554738_180554883,15.406915
chr1_180580561_180580926,11.944399
chr1_180895607_180895967,4.528825
chr1_181042855_181043067,7.693759
chr1_181056649_181057124,9.577784
chr1_181060502_181060611,5.287592
chr1_181065454_181065797,8.750122
chr1_181068595_181069000,8.750122
chr1_181074349_181074924,8.750122
chr1_181075648_181075933,8.750122
chr1_181096103_181096331,7.857847
chr1_181104473_181105818,13.40426
chr1_181110732_181111003,11.99835
chr1_181122099_181122260,5.147961
chr1_181130674_181130808,11.457258
chr1_18200796_18200931,9.424987
chr1_182056560_182056703,7.756173
chr1_182113385_182113953,8.660547
chr1_182114686_182114888,8.660547
chr1_182115300_182115596,8.660547
chr1_182116340_182116866,8.660547
chr1_182143008_182143387,6.548912
chr1_182228543_182228906,6.089024
chr1_182259351_182259676,9.508411
chr1_182998797_182999044,6.7643605
chr1_183129116_183129507,8.896347500000001
chr1_183132366_183132749,8.896347500000001
chr1_183133608_183133779,8.896347500000001
chr1_183149947_183150219,6.1999935
chr1_183161027_183161375,6.324619
chr1_183171353_183171815,6.324619
chr1_183191719_183192016,4.97001
chr1_183239968_183240242,7.930728
chr1_183241451_183241867,7.930728
chr1_183248987_183249454,13.642589
chr1_183557915_183558504,6.050769
chr1_183569908_183570014,11.241086
chr1_183576409_183576668,9.493807
chr1_183577563_183577895,9.493807
chr1_183578502_183578873,9.493807
chr1_183579279_183579568,9.493807
chr1_183776671_183777014,3.928955
chr1_183846576_183846867,7.559223
chr1_184005350_184005919,3.587893
chr1_184129300_184129941,5.169077
chr1_184130086_184130836,5.169077
chr1_184132883_184133080,8.081796
chr1_184265554_184265938,10.653698
chr1_184357629_184357933,9.973085
chr1_184475712_184475981,7.959527
chr1_184724887_184725142,8.806781
chr1_184836042_184836526,10.081219
chr1_184922808_184923031,8.054985
chr1_184924828_184925180,8.054985
chr1_185127324_185127657,11.9405105
chr1_185344563_185345243,12.440771
chr1_185374355_185374736,7.8330494999999996
chr1_185409237_185409536,9.513561
chr1_185453251_185453699,3.8267605
chr1_185536131_185536449,8.827826
chr1_185537736_185537864,8.827826
chr1_185540108_185540292,8.827826
chr1_186590040_186590634,5.234134
chr1_186612873_186613046,13.550579
chr1_186707372_186707639,5.956919
chr1_186707805_186708434,5.956919
chr1_186709575_186709742,5.956919
chr1_186975833_186976078,4.127489
chr1_192446152_192446393,8.769265
chr1_19248887_19249092,14.06389
chr1_192500254_192500504,5.359722
chr1_192514282_192514417,8.384072
chr1_192519890_192520690,4.453966
chr1_19253034_19253391,14.06389
chr1_19274997_19275345,14.06389
chr1_192757327_192757592,1.622877
chr1_192759096_192759311,1.622877
chr1_19276270_19276542,14.06389
chr1_19277155_19277462,14.06389
chr1_192776947_192777226,5.619539
chr1_19278388_19278892,14.06389
chr1_19280139_19280583,14.06389
chr1_192873637_192874003,7.110089666666667
chr1_192876755_192877567,6.14126
chr1_192921207_192921501,9.979108
chr1_193180704_193180924,7.99828
chr1_19324821_19325090,7.590808
chr1_19336477_19336714,13.238708
chr1_193583968_193584211,3.104955
chr1_19360402_19360809,9.062498
chr1_19762527_19762798,7.790728
chr1_19778785_19779174,7.1605
chr1_19794978_19795283,7.043426
chr1_19803336_19803680,4.547533
chr1_19803913_19804113,4.547533
chr1_19804974_19805167,4.547533
chr1_198087299_198087585,4.602844
chr1_198090244_198090551,4.915531
chr1_198124316_198124670,5.991314
chr1_198128112_198128944,5.09591
chr1_198136529_198137056,7.465904
chr1_198431538_198431860,9.084402
chr1_198650930_198651643,3.260802
chr1_198850238_198850638,7.326663
chr1_198887897_198888318,7.528493
chr1_198889384_198889935,7.528493
chr1_198898987_198899513,4.761581
chr1_198901469_198901869,4.761581
chr1_198903935_198904934,4.761581
chr1_19926811_19926972,5.005069
chr1_199711776_199712042,9.247568
chr1_199826452_199826640,9.114278
chr1_199828633_199828987,9.070803
chr1_200076437_200076447,10.955218
chr1_200122559_200122752,6.404091
chr1_200341273_200341515,8.082063
chr1_200857233_200857815,3.36108
chr1_200865264_200865418,6.325812
chr1_200865457_200866265,6.325812
chr1_20091332_20091506,1.663442
chr1_201139670_201140154,6.371186
chr1_201160901_201161255,12.106069999999999
chr1_201236006_201236165,16.19054
chr1_201244405_201244769,13.678517
chr1_201246115_201246382,13.678517
chr1_201277329_201277484,18.455799
chr1_201280694_201280963,18.455799
chr1_201295169_201295564,5.439921
chr1_201366439_201366550,8.64318
chr1_201431088_201431253,9.26642
chr1_201445401_201445412,9.967296
chr1_201449602_201449822,9.967296
chr1_201463619_201463933,8.02731
chr1_201472589_201472996,6.34475
chr1_201500233_201500477,6.422936
chr1_201619383_201619798,4.553046
chr1_201682596_201682901,10.653698
chr1_201684946_201685300,10.653698
chr1_201739210_201739573,6.603812
chr1_201742755_201743343,6.603812
chr1_201743848_201744120,6.603812
chr1_201987611_201988279,12.645805
chr1_202016172_202016526,9.597133
chr1_202045307_202045525,6.746451
chr1_20204786_20204981,4.518636
chr1_202055098_202055409,6.023612
chr1_202075010_202075191,9.58263
chr1_202077636_202077876,8.6082605
chr1_202937248_202937378,7.939231
chr1_203244129_203244381,9.381729
chr1_203247243_203247485,10.959168
chr1_203247590_203248072,10.959168
chr1_203258547_203259334,8.099486
chr1_203259429_203259985,8.099486
chr1_203289937_203290406,10.965738
chr1_203296328_203297068,9.5359345
chr1_203297101_203297334,8.487168
chr1_203481982_203482534,11.827905
chr1_203489584_203489741,8.669115
chr1_203491011_203491485,8.669115
chr1_203506114_203506504,8.31846
chr1_203576404_203576703,10.694844
chr1_20358851_20359226,7.2741875
chr1_203598711_203598999,8.592978
chr1_203599092_203599518,8.592978
chr1_203619380_203619832,10.540377
chr1_203622445_203622560,11.484435
chr1_203624863_203625211,6.606328
chr1_203643182_203643803,8.0159965
chr1_203661733_203662076,12.494925
chr1_203723839_203723956,11.357126
chr1_204049581_204049822,9.953132
chr1_204058173_204058362,3.24826
chr1_204071387_204071653,10.360229
chr1_204073791_204074252,10.360229
chr1_204254999_204255106,9.653055
chr1_204289566_204289863,9.962986
chr1_204332438_204332553,8.176381
chr1_20437370_20437554,5.198447
chr1_204386444_204387188,10.67875
chr1_204387566_204387645,10.67875
chr1_204389721_204389989,10.67875
chr1_204430759_204431008,10.428773
chr1_204449745_204450007,9.160697
chr1_204694395_204694507,9.763557
chr1_204700209_204700421,7.953788
chr1_205144631_205144860,11.817365
chr1_205173095_205173476,5.566825
chr1_205227547_205227721,9.96771
chr1_205228000_205228129,9.96771
chr1_205253892_205254222,12.891198
chr1_205254805_205255191,12.891198
chr1_205257253_205257766,12.891198
chr1_205262860_205263030,9.433738
chr1_205265235_205265548,9.433738
chr1_205267691_205267999,9.433738
chr1_205270500_205270865,9.433738
chr1_205288770_205288915,11.291731
chr1_205410224_205410578,4.485523
chr1_205418015_205418182,4.485523
chr1_206290243_206290662,9.679956
chr1_206642854_206643037,8.353468
chr1_206688246_206688461,10.639679
chr1_206763465_206763687,10.24556
chr1_206859748_206860259,12.077748
chr1_206897147_206897463,7.153715500000001
chr1_206910483_206910789,4.808914
chr1_20693127_20693202,4.622444
chr1_207032445_207032583,10.233016
chr1_207063537_207063710,8.111355
chr1_207080273_207080661,8.111355
chr1_207203424_207203586,9.442638
chr1_207413364_207413503,8.918414
chr1_207414217_207414394,8.918414
chr1_207489914_207490291,9.8919665
chr1_207997315_207997832,8.808309
chr1_207999163_207999611,8.808309
chr1_208021631_208021781,8.089385
chr1_20806851_20807214,6.742991
chr1_208085821_208086214,11.104976
chr1_208335369_208335711,10.09188
chr1_208339104_208339123,9.105317
chr1_208377298_208378003,9.841482
chr1_208412497_208412696,9.4527355
chr1_208418631_208418859,8.429862
chr1_208670997_208671177,9.04261
chr1_20881978_20882230,4.643057
chr1_20930711_20931037,8.522733
chr1_209393390_209393475,6.117683
chr1_209528830_209529176,8.557335
chr1_209538127_209538433,8.557335
chr1_209542596_209542897,8.557335
chr1_209556903_209557123,8.557335
chr1_209557331_209557442,8.557335
chr1_209562668_209562976,8.557335
chr1_209570810_209570947,8.557335
chr1_209571959_209572357,8.557335
chr1_209577571_209577627,8.557335
chr1_209578512_209578819,8.557335
chr1_209579567_209579719,8.557335
chr1_209585617_209585757,8.557335
chr1_209589374_209589797,8.557335
chr1_209590107_209590333,8.557335
chr1_209591220_209591436,8.557335
chr1_209597695_209597830,8.557335
chr1_209806744_209806957,7.038463
chr1_209820544_209820823,7.700321
chr1_209822403_209823008,7.700321
chr1_209827285_209827712,11.5670515
chr1_209828801_209829023,11.5670515
chr1_209829183_209829498,11.5670515
chr1_209830400_209831026,11.5670515
chr1_209831470_209831550,11.5670515
chr1_209832170_209832305,11.5670515
chr1_209833148_209833823,11.5670515
chr1_209841164_209841607,3.501866
chr1_209921200_209921357,6.016567
chr1_209938931_209939742,5.174247
chr1_209942657_209943400,5.174247
chr1_209978699_209978810,5.174247
chr1_209989263_209989693,5.174247
chr1_210056461_210057439,5.725697
chr1_210058060_210058292,5.725697
chr1_210425971_210426288,7.0754795
chr1_210505670_210505997,4.964034
chr1_210567003_210567330,6.034337
chr1_211500826_211501119,7.522693
chr1_211753366_211753524,7.324128
chr1_211912030_211912428,4.367312
chr1_212261904_212262125,6.972084
chr1_212643548_212643711,12.167793
chr1_212650622_212650921,4.113657
chr1_212658172_212658571,4.741388
chr1_212659054_212659720,4.741388
chr1_212661846_212662402,4.809924
chr1_212769584_212769966,7.458043
chr1_212809966_212810356,7.967431
chr1_212844659_212845312,6.35449
chr1_213160414_213160619,5.943879
chr1_21348947_21349299,8.751216
chr1_21349725_21349786,8.751216
chr1_213500745_213500914,4.709055
chr1_2140151_2140337,8.290039
chr1_214162828_214163073,4.920332
chr1_214601098_214601566,8.284338
chr1_214612784_214613126,9.092799
chr1_214614555_214614760,9.092799
chr1_214619335_214619608,9.092799
chr1_214648804_214649025,10.419752
chr1_21475659_21476054,7.144532
chr1_215130656_215131050,6.565801
chr1_21588176_21588724,10.249365
chr1_21588829_21589430,10.249365
chr1_2162325_2162996,7.890152
chr1_21650806_21651685,15.853827
chr1_21660622_21661187,6.471015
chr1_216774004_216774285,10.5127835
chr1_2171824_2171946,5.85309
chr1_217308487_217308861,4.72995
chr1_2177615_2177829,8.436357
chr1_218523725_218524123,5.44327
chr1_218550674_218551089,7.762527
chr1_218633382_218633612,12.347188
chr1_218636802_218637167,8.717912
chr1_218647012_218647232,7.440129
chr1_218758903_218759111,8.567875
chr1_218847947_218848245,4.321516
chr1_2190530_2190674,5.733043
chr1_219262446_219262621,10.888227
chr1_219497639_219497836,6.279294
chr1_219498496_219498646,6.279294
chr1_21965161_21965473,11.642423
chr1_219728784_219728936,4.476769
chr1_220671702_220671851,7.746705
chr1_221567491_221567844,2.036942
chr1_221612801_221613016,5.7595366666666665
chr1_221614030_221614267,7.518660333333333
chr1_221840936_221841145,7.341068
chr1_221899063_221899285,3.8551175
chr1_221913881_221914483,4.7237565
chr1_221916049_221916599,2.009085
chr1_221931213_221931399,4.8668035
chr1_221982394_221982755,9.190666
chr1_221983045_221983456,9.190666
chr1_222000173_222000483,8.538626
chr1_222002644_222003471,8.538626
chr1_222135050_222135329,8.103336
chr1_222161205_222161607,7.913034
chr1_222164724_222164904,8.284862
chr1_222167595_222168014,4.1985
chr1_22231370_22231630,10.429142
chr1_22232811_22232851,4.469632
chr1_22235836_22236001,5.112125
chr1_222411720_222412018,2.081707
chr1_222439708_222439874,3.313005
chr1_222461432_222461724,9.292618
chr1_22260274_22260656,8.996351
chr1_222638782_222639204,8.151237
chr1_22266159_22266438,8.996351
chr1_222814663_222814910,4.619469
chr1_222987149_222987502,2.856869
chr1_2230678_2230895,4.25232
chr1_2231691_2232185,4.25232
chr1_223349014_223349276,2.0014
chr1_223351179_223351462,2.0014
chr1_223353221_223353544,5.0738140000000005
chr1_223356633_223356937,4.883678
chr1_223363832_223364028,5.8468265
chr1_22345590_22345859,13.978875
chr1_22366226_22366841,7.0445945
chr1_223892678_223892997,8.247253
chr1_223901276_223901546,8.805031
chr1_223903033_223903347,8.805031
chr1_223904365_223904567,8.805031
chr1_223914239_223914747,8.267962
chr1_223964690_223965055,11.06281
chr1_224014874_224015267,11.007138
chr1_224019430_224020596,6.167281
chr1_224023477_224023773,6.167281
chr1_224032316_224032686,5.329795
chr1_224359201_224359533,5.71032
chr1_224545542_224546006,11.965435
chr1_224635065_224635439,11.289685
chr1_22467332_22467678,9.78743
chr1_224685994_224686507,10.296148
chr1_224690718_224691054,10.296148
chr1_224691192_224691563,10.296148
chr1_224730441_224730985,10.310074
chr1_224732016_224732357,10.310074
chr1_224811590_224812043,4.238887
chr1_2253622_2253773,12.851813
chr1_2254081_2254230,7.574419
chr1_225613143_225613456,8.948223
chr1_225642606_225642805,8.41183
chr1_225845408_225845613,7.973337
chr1_225934674_225934968,4.757284
chr1_226063760_226064118,13.243628
chr1_226084943_226085104,14.395699
chr1_226187685_226188168,10.419744
chr1_226189681_226190319,4.825503
chr1_226190534_226190731,4.825503
chr1_226222205_226222589,5.249788
chr1_226288544_226288864,7.51888
chr1_226297611_226298113,8.550716
chr1_226315308_226315548,10.169044
chr1_226315631_226315825,10.169044
chr1_226737265_226737393,4.903706
chr1_226815517_226815910,1.865268
chr1_226842752_226843521,11.75485
chr1_226848307_226848509,10.483485
chr1_226849753_226849884,10.483485
chr1_226852222_226852636,10.483485
chr1_226864749_226865297,7.388328
chr1_226866232_226866788,7.388328
chr1_226867069_226867278,7.388328
chr1_226867580_226868182,7.388328
chr1_226878935_226879345,12.001244
chr1_226884834_226885233,11.425722
chr1_226890098_226890374,4.040402
chr1_226890865_226891416,4.040402
chr1_226896121_226896509,6.873181
chr1_226911425_226911742,5.552232
chr1_226927547_226927740,7.170688
chr1_227002760_227003096,8.222613
chr1_227009018_227009221,6.752429
chr1_227128899_227129131,8.129459
chr1_227751865_227752213,11.078172
chr1_228073191_228073261,11.216649
chr1_228098321_228098415,7.560606
chr1_228273480_228273740,11.818319
chr1_228338299_228338457,8.19613
chr1_228350789_228351109,7.955605
chr1_22836447_22836690,12.363874
chr1_228633222_228633907,4.716462
chr1_228634060_228634141,4.716462
chr1_228651177_228651630,4.106782
chr1_228783266_228783899,4.377229
chr1_228962635_228963190,1.877641
chr1_228972324_228972426,1.877641
chr1_228973832_228974198,5.5034945
chr1_229131021_229131272,4.166197
chr1_229206013_229206222,5.134302
chr1_229229415_229229758,8.225597
chr1_229327820_229328069,6.386892
chr1_229335784_229335916,4.635442
chr1_229357329_229357959,12.0317
chr1_229365571_229365974,12.811803
chr1_229366402_229366798,12.811803
chr1_229388898_229389111,6.659438
chr1_229409656_229409997,7.652458
chr1_229544503_229544714,7.057502
chr1_229546837_229547142,8.435553
chr1_229692979_229693368,5.066191
chr1_230089577_230089803,7.910364
chr1_230220475_230220731,14.425297
chr1_230240540_230240902,11.561871
chr1_230241590_230241986,11.561871
chr1_230248068_230248475,6.459256
chr1_230249347_230250007,6.459256
chr1_230258907_230259286,9.963629
chr1_230559819_230560264,4.499639
chr1_230643766_230644066,7.267962
chr1_230645276_230645765,10.875759
chr1_23076914_23077145,11.11247
chr1_231113054_231113423,10.534898
chr1_231665787_231666093,9.531324
chr1_231913853_231914038,7.655728
chr1_232454898_232455086,8.679502
chr1_233249275_233249581,12.887484
chr1_233250723_233251216,12.887484
chr1_233763307_233763375,5.907639
chr1_234151091_234151471,2.789229
chr1_234163168_234163347,2.789229
chr1_23426690_23427100,7.447859333333334
chr1_23429944_23430077,7.447859333333334
chr1_234450953_234451201,8.71428
chr1_234534667_234535013,9.3401075
chr1_234630919_234631525,9.72066
chr1_234658291_234658851,13.386203
chr1_234659231_234659760,13.386203
chr1_234680207_234680593,13.351169
chr1_234686100_234686288,11.885191
chr1_234709673_234709936,4.510045
chr1_234721506_234721689,8.106479
chr1_234736336_234736615,8.187773
chr1_234737347_234737653,8.187773
chr1_234738546_234738834,8.187773
chr1_234746093_234747674,11.423786
chr1_234748100_234748931,11.423786
chr1_234749342_234749645,11.423786
chr1_234757412_234757805,7.957803500000001
chr1_234767593_234767925,5.895121
chr1_234792654_234793437,12.008998
chr1_234793934_234794239,12.008998
chr1_234812067_234812214,8.592782
chr1_234857710_234858181,14.447087
chr1_234858843_234859287,14.447087
chr1_234881537_234881788,9.159548
chr1_234891292_234891478,10.339179
chr1_234907393_234907835,9.204788
chr1_234908151_234908764,9.204788
chr1_234984948_234985284,9.496744
chr1_234985592_234985878,9.496744
chr1_234987212_234987644,9.492816
chr1_235012060_235012373,4.847168
chr1_235068890_235069050,6.043508999999999
chr1_235069269_235069652,6.043508999999999
chr1_235070340_235070651,1.985952
chr1_235104770_235105153,9.048009
chr1_235106929_235107153,9.048009
chr1_235108272_235108467,9.048009
chr1_235110834_235111403,8.436426
chr1_235112749_235113173,8.436426
chr1_235114050_235115068,7.594013
chr1_235120162_235120433,7.906008
chr1_235122652_235122939,8.683543
chr1_235133014_235133422,10.162309
chr1_235134086_235134438,10.162309
chr1_235146978_235147112,10.33364
chr1_235151501_235151917,4.714708
chr1_235151923_235152024,4.714708
chr1_235183936_235184197,13.58802
chr1_23523350_23523682,7.1755675
chr1_235242252_235242564,7.326018
chr1_235243001_235243596,7.326018
chr1_235246558_235246857,5.260443
chr1_235267591_235267744,8.441409
chr1_235668656_235669018,9.280744
chr1_23570880_23571232,7.515043
chr1_235805098_235806119,4.912493
chr1_236026265_236026446,7.856258
chr1_236030835_236031025,9.934297
chr1_236031049_236031919,9.934297
chr1_236080566_236081247,12.583289
chr1_236082498_236082788,12.583289
chr1_236083263_236083651,12.583289
chr1_236109486_236110063,3.284352
chr1_236116403_236116669,5.649148
chr1_236118323_236118637,5.649148
chr1_236135691_236135959,9.597133
chr1_236162583_236163199,13.439927
chr1_236179538_236179652,6.27666
chr1_236559628_236560010,7.247984
chr1_23882500_23882866,9.012191
chr1_23888678_23889201,9.012191
chr1_23903714_23904323,8.173727
chr1_23912037_23912393,8.301799
chr1_23916918_23917225,8.301799
chr1_23918101_23918449,8.301799
chr1_23961555_23961694,7.037897
chr1_241638824_241639283,5.208003
chr1_241696334_241697654,9.331008
chr1_241705436_241706018,7.48123
chr1_241771916_241772216,9.636256
chr1_241775803_241776227,9.636256
chr1_24235925_24236209,10.247488
chr1_243428005_243428394,12.036309
chr1_243431437_243431793,6.847215
chr1_243451071_243451374,7.765663
chr1_24349340_24349488,6.974658
chr1_243585242_243585384,10.740216
chr1_243637125_243637295,7.387848
chr1_244462616_244463099,12.180976
chr1_244466323_244466598,5.958839
chr1_244467525_244467677,5.958839
chr1_244482749_244483387,9.642317
chr1_244486299_244486688,6.379773
chr1_244505125_244505457,11.933134
chr1_244512430_244512879,4.837835
chr1_244517098_244517541,8.556916
chr1_244518180_244518394,8.556916
chr1_244532902_244533005,9.156
chr1_244763140_244763529,8.114264
chr1_24476382_24476609,12.192088
chr1_24516156_24516343,7.481412000000001
chr1_24517528_24517868,7.3465865
chr1_24518503_24518681,5.8606995
chr1_24519628_24519970,3.521907
chr1_245255337_245255432,8.234125
chr1_246038342_246038749,4.575723
chr1_246588477_246588670,6.652968
chr1_246591935_246592203,6.652968
chr1_246730569_246731007,5.270315
chr1_246732690_246733040,11.504255
chr1_246751015_246751281,4.350655
chr1_246760708_246760962,6.307753
chr1_246772310_246772610,7.641545
chr1_246862505_246862699,4.388801
chr1_24691833_24692082,13.430599
chr1_246957671_246957948,7.449018
chr1_247093396_247093478,10.400834
chr1_24736156_24736250,9.569127
chr1_2478276_2478817,4.7882815
chr1_249117788_249118228,8.6351975
chr1_249157308_249157673,4.294105
chr1_24970685_24970736,5.988611
chr1_25011612_25011937,5.968401
chr1_25095502_25095845,5.045915
chr1_2509702_2510198,4.424112
chr1_25292573_25292807,3.876642
chr1_25298850_25299027,5.2326495
chr1_25348659_25349200,9.358501
chr1_25357149_25357829,13.092523499999999
chr1_25357926_25358422,12.70898
chr1_25559638_25560067,11.0824035
chr1_25566195_25566411,7.365241
chr1_25566618_25566670,13.065404
chr1_2574343_2574764,3.395769
chr1_25802039_25802147,6.454356
chr1_25942744_25943208,4.531719
chr1_26022319_26022793,7.504555
chr1_26081315_26081453,9.103072
chr1_26201699_26201757,8.109253
chr1_26249033_26249281,5.109243
chr1_26452850_26453250,6.470131
chr1_26528501_26528611,6.649176
chr1_26615016_26615421,4.946107
chr1_26615527_26615997,4.946107
chr1_26677301_26677628,5.3509665
chr1_26678060_26678317,5.3509665
chr1_26683687_26684084,5.3509665
chr1_26827232_26827869,8.687208
chr1_26946837_26947249,7.657513
chr1_26947342_26948198,8.662028
chr1_27024638_27025138,10.804272
chr1_27112764_27112917,8.8782865
chr1_27154485_27154771,4.785463
chr1_27154983_27155478,4.785463
chr1_27175784_27176273,15.279815
chr1_27184739_27184972,15.279815
chr1_27185457_27185720,15.279815
chr1_27185755_27186143,15.279815
chr1_27321452_27321840,10.472091
chr1_27353661_27353962,5.585633
chr1_27625914_27626081,13.026877
chr1_27626897_27627231,13.026877
chr1_27691785_27692261,11.521113
chr1_27762936_27763307,6.841451
chr1_27848725_27849287,11.481653
chr1_27854575_27854919,11.481653
chr1_27869425_27869556,12.753739
chr1_27916292_27916674,8.768975
chr1_27924204_27924421,10.179461
chr1_27957478_27958684,4.985976
chr1_27963400_27963974,4.645012
chr1_27976905_27977430,11.640832
chr1_27982664_27982914,7.666983
chr1_27985480_27985709,7.289251
chr1_27985869_27985982,7.289251
chr1_27986111_27986384,7.289251
chr1_28098635_28098880,4.240948
chr1_28189568_28190269,6.318918
chr1_28190756_28191157,6.318918
chr1_28195628_28196024,10.223973
chr1_28199684_28200598,7.228654
chr1_28431716_28431884,9.114803
chr1_28437098_28437429,9.989638
chr1_28437697_28438098,9.989638
chr1_28439074_28439949,6.942607
chr1_28449970_28450467,10.820767
chr1_28462161_28462385,8.016297
chr1_28500052_28500411,12.986596
chr1_28576012_28576248,9.2955975
chr1_28640564_28640739,8.017858
chr1_29101544_29101853,7.660297
chr1_29253461_29253677,5.315907
chr1_29563709_29564430,10.302626
chr1_29565515_29565732,10.88434
chr1_29565762_29566055,10.88434
chr1_31216468_31217229,7.658318
chr1_31227443_31228328,10.408158
chr1_31251287_31251533,6.46462
chr1_31537719_31538012,3.986207
chr1_31627566_31627958,5.967363
chr1_31643824_31643962,11.80337
chr1_31956203_31956482,7.758312
chr1_31976608_31977048,13.7239
chr1_32015159_32015590,6.963944
chr1_32108020_32108204,8.520146
chr1_32166698_32166999,13.298056
chr1_32180603_32180986,9.887502
chr1_32253647_32254040,6.234358
chr1_32263216_32263220,7.386909
chr1_32405536_32405898,12.980473
chr1_32420307_32420572,15.134058
chr1_32421622_32422096,15.134058
chr1_32701561_32701886,9.792128
chr1_32715599_32716062,7.577938
chr1_32803558_32803627,4.301022
chr1_32805161_32805466,4.301022
chr1_33182280_33182513,9.692154
chr1_33220297_33220575,9.327099
chr1_33221272_33221671,9.327099
chr1_33225777_33226084,9.327099
chr1_33226574_33226719,9.327099
chr1_33227148_33227387,9.327099
chr1_33405191_33405597,9.289664
chr1_33438571_33438703,7.374268
chr1_33446816_33447482,9.874016
chr1_33447667_33447707,9.874016
chr1_33450600_33450837,9.5399505
chr1_33457914_33458607,14.444993
chr1_33458800_33459074,14.444993
chr1_33463131_33463490,4.740331
chr1_33463690_33463885,4.740331
chr1_33515825_33516245,8.727772
chr1_33564918_33565286,7.841426
chr1_33593963_33594340,6.997789
chr1_33645848_33646140,8.628192
chr1_33685276_33685676,13.177984
chr1_3374928_3375314,8.183443
chr1_33804359_33804743,10.322039
chr1_33829513_33829825,9.753608
chr1_33926622_33926854,7.812561
chr1_3420761_3421065,11.729829
chr1_34368889_34369151,8.14871
chr1_34462454_34462825,4.77531
chr1_3459907_3460197,9.07229
chr1_3581269_3581645,8.573564
chr1_36183411_36183689,6.118238
chr1_3620035_3620325,9.228012
chr1_3634737_3634863,14.058112
chr1_36489072_36489418,4.598263
chr1_36616485_36616868,14.810583
chr1_36617554_36617914,14.810583
chr1_36626561_36626969,13.314332
chr1_36627717_36628369,13.314332
chr1_36641160_36641451,13.314332
chr1_36814630_36815106,15.774411
chr1_36839449_36839891,15.268981
chr1_36840093_36840535,15.268981
chr1_36849527_36849580,8.224172
chr1_37937293_37937526,11.843553
chr1_37942874_37943354,7.910771
chr1_37944084_37944971,7.910771
chr1_38317043_38317898,4.9061295000000005
chr1_38465723_38465839,7.3726815000000006
chr1_38471999_38472226,4.676955
chr1_38495782_38495936,10.9978635
chr1_38591881_38592061,11.455465
chr1_39547903_39548129,6.826672
chr1_39552835_39552967,6.826672
chr1_39596184_39596482,9.7137095
chr1_39598118_39598362,9.7137095
chr1_39598673_39599090,9.7137095
chr1_39633654_39634014,8.3062565
chr1_39662647_39663006,8.3412585
chr1_39857791_39857995,11.986648
chr1_39874208_39874673,8.684525
chr1_40283075_40283206,5.583445
chr1_40295095_40295414,7.23914
chr1_40426190_40426638,9.567704
chr1_40561233_40561752,4.775582
chr1_40841336_40841595,7.984169
chr1_41116840_41117088,7.31492
chr1_41120137_41120355,7.31492
chr1_41164800_41165075,11.047862
chr1_41178788_41178979,8.088221
chr1_41825927_41826139,7.884492
chr1_41885108_41885337,8.77565
chr1_41914594_41914877,3.749064
chr1_41915297_41915638,3.749064
chr1_41952015_41952273,9.996387
chr1_41961925_41962146,11.323536
chr1_41981831_41982007,6.528282
chr1_42081979_42082196,3.008382
chr1_42127851_42128791,13.250722
chr1_42149945_42149960,13.440081
chr1_42204198_42204327,7.941491
chr1_42204580_42205516,7.941491
chr1_42206832_42207209,7.941491
chr1_42217644_42218002,11.661632
chr1_42234207_42234564,8.845869
chr1_42248889_42249252,10.584267
chr1_42268599_42269123,10.044378
chr1_42328578_42328878,11.198321
chr1_42356899_42357259,7.812771
chr1_42363874_42364167,11.619271
chr1_42366364_42366624,11.619271
chr1_42385461_42385560,5.016683
chr1_42385609_42385954,5.016683
chr1_43400932_43401203,10.653031
chr1_43402214_43402581,10.653031
chr1_43402778_43403133,10.653031
chr1_43405621_43405821,10.653031
chr1_43406108_43407009,10.653031
chr1_43407355_43407700,10.653031
chr1_43426742_43427095,10.653031
chr1_43427522_43427762,10.653031
chr1_43428386_43429108,10.653031
chr1_43429290_43429917,10.653031
chr1_43432863_43433109,10.653031
chr1_43471435_43471828,4.059171
chr1_43473183_43473398,4.059171
chr1_43524188_43524462,6.0166985
chr1_43760174_43760222,7.93567
chr1_43839359_43839523,10.307152
chr1_43988888_43989038,5.517948
chr1_43997843_43998152,5.517948
chr1_44015731_44016125,5.517948
chr1_44176533_44177122,7.794326
chr1_44232152_44232509,9.048725
chr1_44240162_44240471,8.120651
chr1_44265188_44265345,6.424044
chr1_44299891_44300630,9.260391
chr1_44302297_44302456,9.260391
chr1_44354357_44354471,11.273577
chr1_44378405_44378587,12.938753
chr1_44380893_44381202,12.938753
chr1_44452990_44453115,5.890393
chr1_44951424_44951733,7.90775
chr1_44973431_44973656,2.889701
chr1_44984751_44985020,2.889701
chr1_45083225_45083530,2.463301
chr1_45085192_45085548,2.463301
chr1_46010722_46010902,4.196911
chr1_46268583_46268737,12.451665
chr1_46632893_46633236,4.467831
chr1_46637172_46637331,9.876295
chr1_46689426_46689696,6.826983
chr1_46712372_46712767,11.278682
chr1_46986321_46986408,9.467634
chr1_4729528_4729775,5.44108
chr1_47910443_47910471,6.781307
chr1_48484635_48484856,9.938506
chr1_51703075_51703494,5.461302
chr1_52110368_52110491,6.490673
chr1_53020482_53020832,8.671695
chr1_53102510_53103405,11.538478
chr1_53856073_53856161,3.322748
chr1_54695028_54695502,7.578592
chr1_54778588_54778715,8.688088
chr1_54873075_54873515,7.500589
chr1_54953784_54954325,6.209803
chr1_55340144_55340359,4.043388
chr1_55400798_55400903,11.271633
chr1_55411305_55411465,4.818644
chr1_55414845_55415038,5.39293
chr1_55418708_55418921,5.342687
chr1_55431735_55431939,6.541377499999999
chr1_55445592_55445683,6.5742935
chr1_55678785_55679185,6.011765
chr1_55840427_55840729,2.989162
chr1_55894779_55895033,9.675537
chr1_55909250_55909597,3.855012
chr1_56972242_56972492,10.887436
chr1_56974162_56974535,10.887436
chr1_57043287_57044160,8.159881
chr1_57297629_57297838,4.064628
chr1_57746875_57747249,11.313814
chr1_58898385_58898660,7.3939
chr1_59039624_59039692,10.685532
chr1_59050239_59050578,10.71176
chr1_59083966_59084335,12.604581
chr1_59221049_59221462,13.803183
chr1_59228706_59229186,9.757892
chr1_59229881_59230252,9.757892
chr1_59278592_59278937,10.040004
chr1_59280364_59280505,10.040004
chr1_59280773_59281281,10.040004
chr1_59281510_59281579,10.040004
chr1_59281873_59282217,10.040004
chr1_59347262_59347482,9.595046
chr1_59369049_59370138,4.488554
chr1_59392782_59392938,13.054399
chr1_59394323_59394565,13.054399
chr1_59395500_59395772,13.054399
chr1_59397559_59397706,13.054399
chr1_59479443_59479773,7.724692999999999
chr1_59509588_59509786,7.291322
chr1_59537846_59538168,6.8046925
chr1_59756067_59756566,7.318822
chr1_60062084_60062408,7.41772
chr1_60140214_60140519,5.2027705
chr1_60144543_60144796,5.2027705
chr1_60148393_60148656,3.266732
chr1_60172811_60173111,8.379223
chr1_6053603_6054107,9.001962
chr1_60598724_60598934,6.966447
chr1_61039424_61039611,8.526421
chr1_61522505_61523042,5.001551
chr1_61543611_61543877,10.829458
chr1_61649786_61650305,6.202501
chr1_61768031_61768305,6.541577
chr1_61918819_61919182,6.723052
chr1_62072423_62072573,9.855501
chr1_6221566_6221669,7.312101
chr1_62698531_62698618,10.0978285
chr1_62773248_62773553,8.189276
chr1_62822173_62822473,7.710056
chr1_63151036_63151115,11.00916
chr1_6336471_6336830,7.571508
chr1_6354110_6354322,4.28785
chr1_6359789_6360186,12.662811
chr1_6360191_6360625,12.662811
chr1_6362597_6362955,12.662811
chr1_64127998_64128504,10.393613
chr1_64197270_64197475,5.446653
chr1_64505281_64505575,9.747323
chr1_65363729_65364057,4.8422545
chr1_65364183_65364439,4.8422545
chr1_65381647_65381826,6.1518195
chr1_65383044_65383557,6.3617855
chr1_65387772_65388547,5.81094
chr1_65398951_65399446,4.3078965
chr1_65534177_65534450,3.397132
chr1_65534990_65535126,3.397132
chr1_65731337_65731853,4.532809
chr1_65758796_65759173,7.445154
chr1_65888047_65888596,14.519934
chr1_66277656_66278058,9.008742
chr1_66712370_66712790,3.333384
chr1_66714465_66714786,3.333384
chr1_66716160_66716649,3.333384
chr1_66717339_66717678,3.333384
chr1_66728047_66728190,5.807118
chr1_66736293_66736539,6.853064333333333
chr1_66741251_66741559,5.2088335
chr1_66747978_66748387,4.2645735
chr1_66904732_66904991,6.869181
chr1_66930584_66930841,8.772729
chr1_66954948_66955119,8.508933
chr1_67029191_67029437,8.945665
chr1_67029939_67030347,8.945665
chr1_67198280_67198800,8.361858
chr1_67692333_67692744,11.169359
chr1_67802002_67802116,5.507756499999999
chr1_67847773_67848018,2.735634
chr1_68029743_68030232,8.959685
chr1_68036173_68036524,13.022646
chr1_68041528_68041694,13.022646
chr1_68084470_68084693,4.74756
chr1_68101042_68101257,7.727599
chr1_68166463_68166766,6.378437
chr1_68189225_68189635,8.7019175
chr1_68215256_68215932,9.2936895
chr1_68257818_68258216,6.6434985
chr1_68285768_68286070,7.078329500000001
chr1_68345947_68346247,8.043311
chr1_68354536_68354908,7.223799
chr1_68640572_68640736,9.792717
chr1_68849988_68850367,8.318365
chr1_70507902_70508588,6.107779
chr1_70691921_70692281,3.805412
chr1_72749220_72749791,5.279812
chr1_72750417_72750888,5.279812
chr1_7327634_7328033,7.957262
chr1_7359415_7359679,13.424891
chr1_7461964_7462325,8.447943
chr1_7531062_7531540,9.719739
chr1_7551468_7551846,10.28668
chr1_76080205_76080672,4.535391
chr1_76080988_76081082,4.535391
chr1_7609389_7609632,7.774637
chr1_76541670_76541922,3.191203
chr1_77385063_77385511,7.485764
chr1_77980165_77980378,7.961353
chr1_78011624_78012030,4.742333
chr1_78469106_78469287,7.899681
chr1_78557346_78557710,7.098353
chr1_78561383_78561632,7.098353
chr1_78567287_78567595,8.244394
chr1_79154444_79154658,1.98508
chr1_8070132_8070398,4.644106
chr1_8107848_8108157,12.158165
chr1_8143203_8143348,7.239658
chr1_8154517_8154933,10.876362
chr1_8156648_8157003,10.876362
chr1_8157417_8157780,10.876362
chr1_8194345_8194402,8.678394
chr1_8198088_8198334,11.528686
chr1_8215795_8215905,9.245646
chr1_82168687_82169067,7.828274
chr1_82268420_82269588,4.832359
chr1_8229904_8230047,8.639571
chr1_8230370_8230423,8.639571
chr1_8254637_8254907,9.961449
chr1_8257762_8258040,9.052368
chr1_8262223_8262541,8.436315
chr1_8263853_8264184,8.436315
chr1_8264458_8264788,8.436315
chr1_8272041_8272390,11.412807
chr1_8319137_8319616,11.980399
chr1_8445817_8446112,2.488176
chr1_8450820_8451072,2.488176
chr1_84744562_84744926,4.970267
chr1_8487656_8487917,2.488176
chr1_8488165_8488317,2.488176
chr1_84891288_84891509,1.633981
chr1_84971050_84971209,5.713937
chr1_85038681_85038996,6.860906
chr1_85313015_85313206,9.910083
chr1_85320078_85320332,11.412807
chr1_85349108_85349420,5.6173415
chr1_85354514_85354763,5.6173415
chr1_85737728_85738105,5.821493
chr1_85744584_85744829,5.322268
chr1_85779776_85780132,10.323284
chr1_85794698_85795078,11.884734
chr1_85795855_85796291,11.884734
chr1_85796595_85797055,11.884734
chr1_85991291_85991622,8.368893
chr1_86049987_86050100,7.229447
chr1_86072885_86073441,9.347348
chr1_86077140_86077408,10.863436
chr1_86077578_86077925,10.863436
chr1_86078461_86078819,10.863436
chr1_87082786_87082842,3.250761
chr1_8720526_8720683,12.519226
chr1_87240012_87240427,8.468196
chr1_8724042_8724475,12.519226
chr1_87241358_87241518,8.468196
chr1_87253936_87254322,4.866631
chr1_87617997_87618150,13.196058
chr1_87689823_87690165,8.975456
chr1_87799623_87799998,5.972411
chr1_87800631_87801610,5.972411
chr1_8858188_8858497,1.547909
chr1_89112806_89113177,8.63742
chr1_8933581_8933925,12.039129
chr1_89459818_89459853,5.683922
chr1_89466934_89467175,8.549558
chr1_8964053_8964236,7.652181
chr1_90032556_90032702,4.59961
chr1_90069191_90069532,5.711636
chr1_90101821_90102213,7.508607
chr1_90137741_90138074,6.840741
chr1_90185639_90185820,5.033759
chr1_90189523_90189798,9.067066
chr1_90190139_90190909,9.067066
chr1_90204490_90205244,10.944353
chr1_90274070_90274340,8.314389
chr1_90309838_90310280,6.6631564999999995
chr1_90321378_90321621,7.13857
chr1_90372321_90372729,11.168676
chr1_90374317_90375036,11.168676
chr1_918449_918555,4.714708
chr1_92048213_92048455,5.52785
chr1_92048914_92049154,5.52785
chr1_92116335_92116643,9.389714
chr1_92196214_92196626,9.896142
chr1_92198149_92198440,9.896142
chr1_92202579_92202753,10.581686
chr1_92207117_92207174,4.413203
chr1_9222919_9223181,15.342688
chr1_9223907_9224260,15.342688
chr1_92269494_92269966,8.250167
chr1_92270160_92270686,8.250167
chr1_92497404_92497581,4.543698
chr1_9291783_9292106,7.451891
chr1_93270252_93270588,6.531751
chr1_9335683_9335930,7.871868
chr1_93427945_93428408,8.319559
chr1_93914812_93914954,3.343339
chr1_9399032_9399161,8.127428
chr1_94089710_94089715,8.5507575
chr1_94093325_94093611,8.5507575
chr1_94127789_94128026,8.7258265
chr1_94158601_94159338,10.2837735
chr1_94161111_94161471,10.2837735
chr1_94167175_94167520,8.7971105
chr1_94169341_94169462,8.7971105
chr1_94169670_94169961,8.7971105
chr1_941791_942135,10.674263
chr1_94201362_94201612,7.398726
chr1_94224546_94224929,5.995021
chr1_94234014_94234407,5.8686465000000005
chr1_94244939_94245309,5.8686465000000005
chr1_94429275_94429464,8.023846
chr1_94527681_94527931,9.335986
chr1_94626535_94626661,7.819886
chr1_94701813_94701865,4.7956265
chr1_94712051_94712193,4.555719
chr1_94712395_94712617,4.555719
chr1_9473687_9473864,5.979464
chr1_94788386_94788592,13.383891
chr1_94792807_94793133,13.383891
chr1_95009926_95010072,6.6370755
chr1_9504221_9504505,4.981479
chr1_95063321_95063608,4.644298
chr1_95107584_95108052,8.390086
chr1_95113814_95114327,8.390086
chr1_95155573_95156005,7.943765
chr1_95179307_95179605,7.031783
chr1_95191212_95191391,9.093912
chr1_95193393_95193837,9.093912
chr1_95258204_95258621,6.916173
chr1_95331900_95332266,11.752998
chr1_9535183_9535425,9.881408
chr1_95508067_95508435,5.991301
chr1_956563_956812,8.123201
chr1_96827006_96827340,9.972620000000001
chr1_96828119_96828533,9.7986355
chr1_9765379_9765549,8.693873
chr1_98315619_98315765,6.518708
chr1_98403373_98403764,8.360692
chr1_98408796_98409171,5.045551
chr1_98499783_98500490,7.280584
chr1_98518546_98518920,6.016493
chr1_98781999_98782036,9.068439
chr1_98788970_98789228,10.358992
chr1_98789496_98789901,10.358992
chr1_9889535_9889880,5.152823
chr1_9902068_9902153,7.1882865
chr1_9912448_9912800,5.656414
chr1_9960528_9960713,8.971916
