name_E,Pol2_E
chr10_1100843_1101035,4.432014
chr10_1112826_1113160,4.432014
chr10_1541138_1541906,9.347968
chr10_3133662_3133717,2.801144
chr10_3137708_3138098,2.801144
chr10_3145163_3145536,2.801144
chr10_3216614_3216797,2.801144
chr10_3497590_3497951,14.364717
chr10_3507725_3507898,3.223102
chr10_3509617_3509911,5.656727500000001
chr10_3510310_3510716,5.656727500000001
chr10_3511181_3511689,5.656727500000001
chr10_3524547_3524820,6.8057905000000005
chr10_3526849_3527147,3.223102
chr10_3528683_3528786,6.597336
chr10_3568141_3568290,13.945746
chr10_3697757_3697968,4.552905
chr10_3710838_3711066,5.4074975
chr10_3734925_3735183,4.552905
chr10_3751135_3751444,4.552905
chr10_3762746_3763172,6.959725499999999
chr10_3782727_3783283,10.668224
chr10_3797195_3797502,16.80396766666667
chr10_3800307_3800531,15.872737666666666
chr10_3807382_3807563,14.838627
chr10_3811743_3812009,17.472313
chr10_3839963_3840160,4.552905
chr10_3845250_3845852,4.552905
chr10_3845999_3846426,4.552905
chr10_3846443_3847038,6.571266
chr10_3848037_3849536,6.571266
chr10_3850308_3850795,6.571266
chr10_3852273_3852886,6.571266
chr10_3853393_3854169,6.571266
chr10_3856317_3856712,4.552905
chr10_3867491_3867713,4.552905
chr10_3870489_3871262,11.322143333333335
chr10_3878027_3878387,4.552905
chr10_3893365_3894190,8.7532475
chr10_3899382_3899877,4.552905
chr10_3900999_3901229,4.552905
chr10_3902646_3902838,4.552905
chr10_3907871_3908141,4.552905
chr10_3908597_3908886,4.552905
chr10_3909715_3910075,6.790013500000001
chr10_3911352_3911510,4.552905
chr10_3917358_3918120,4.552905
chr10_3928866_3929216,7.402062000000001
chr10_3929991_3930887,7.402062000000001
chr10_3932191_3932411,4.552905
chr10_3936015_3936390,4.552905
chr10_3938329_3938538,4.552905
chr10_3944367_3944901,4.552905
chr10_3948614_3948936,4.552905
chr10_3984866_3985563,7.296920999999999
chr10_3985648_3985956,4.552905
chr10_3991165_3991394,4.552905
chr10_4003377_4003614,4.552905
chr10_4034997_4035363,4.552905
chr10_4045091_4045424,4.552905
chr10_4048194_4048420,4.552905
chr10_4060217_4060455,4.552905
chr10_4088404_4088528,4.552905
chr10_4386754_4387085,8.742946
chr10_4685784_4686138,1.52795
chr10_4705159_4705783,11.258581333333332
chr10_4711881_4712067,1.52795
chr10_4712833_4713220,7.1462255
chr10_4728868_4729211,4.3292735
chr10_4813646_4813900,3.9215025
chr10_4852300_4852352,1.52795
chr10_4855217_4855416,5.5985005
chr10_4891874_4892173,1.52795
chr10_4989909_4990226,10.747181
chr10_5333644_5334212,8.834409
chr10_5359534_5359986,9.221822
chr10_5588881_5589169,5.28516
chr10_5590010_5590295,5.28516
chr10_5590959_5591270,5.28516
chr10_5593718_5593999,3.88506
chr10_5607602_5608000,14.433397
chr10_5638863_5639270,6.543259666666667
chr10_830904_831008,3.328529
chr1_100113534_100114036,5.809518
chr1_100494312_100494735,2.707988
chr1_100512510_100512716,2.707988
chr1_10127211_10127315,1.968196
chr1_1014834_1015095,5.508389
chr1_10269964_10270260,9.622236
chr1_10496880_10497075,1.660134
chr1_10556105_10556527,7.679169000000001
chr1_10557233_10557456,2.15874
chr1_10558276_10558621,2.15874
chr1_10585199_10585569,2.15874
chr1_10695291_10695734,2.103104
chr1_10700424_10700580,2.103104
chr1_10757179_10757344,1.694462
chr1_108479405_108480123,3.851734
chr1_108661190_108661332,1.739173
chr1_108695322_108695861,1.739173
chr1_108741685_108742156,15.938208
chr1_109246671_109246905,2.719192
chr1_109262615_109262764,6.080242
chr1_109467804_109468470,2.18099
chr1_10960432_10960567,8.948355333333334
chr1_109800134_109800539,8.437559
chr1_110142749_110143055,2.579906
chr1_110160052_110160461,2.579906
chr1_110537379_110537528,2.206714
chr1_110879130_110879445,2.839201
chr1_111735402_111735659,2.519318
chr1_111735691_111736003,2.519318
chr1_111981832_111982198,2.355577
chr1_112135698_112135869,5.173641
chr1_112163412_112163797,2.239605
chr1_112163826_112164071,2.239605
chr1_112901525_112901779,5.394366
chr1_113013577_113014004,3.306681
chr1_113584893_113585079,4.030807
chr1_11376903_11377179,6.918807
chr1_114575620_114575801,3.959984
chr1_114656563_114656717,5.504999
chr1_114665635_114666029,5.961792
chr1_115052481_115052766,4.1608725
chr1_115605190_115605611,6.072447
chr1_115605746_115606114,6.072447
chr1_115732772_115733197,9.4372945
chr1_115873164_115873576,2.72939
chr1_116088478_116088732,10.454093
chr1_116221756_116221883,9.8215285
chr1_116291091_116291334,2.032997
chr1_116370977_116371565,4.665641
chr1_116520279_116520650,12.907167333333334
chr1_116918925_116919548,2.994502
chr1_116920378_116921129,2.994502
chr1_116923407_116923493,2.994502
chr1_117046366_117046546,1.824775
chr1_117047053_117047428,1.824775
chr1_117050808_117051139,1.824775
chr1_117051576_117051921,1.824775
chr1_117080047_117080432,8.3835715
chr1_117081238_117081452,2.363725
chr1_117082797_117083071,2.363725
chr1_117111804_117112156,4.760346
chr1_117112460_117112738,4.760346
chr1_1173386_1173736,2.087635
chr1_117363043_117363386,12.626373
chr1_117421623_117422020,4.462432
chr1_117422443_117422644,4.462432
chr1_117493512_117493635,2.832802
chr1_117533270_117533527,2.494993
chr1_118153815_118153988,1.765336
chr1_11968510_11969143,75.400613
chr1_120275491_120275880,2.435292
chr1_12221931_12222397,4.050961
chr1_12406013_12406127,1.515051
chr1_12493313_12493712,1.515051
chr1_12493910_12494304,1.515051
chr1_12508783_12509005,1.515051
chr1_12509354_12509466,1.515051
chr1_12533412_12533678,1.515051
chr1_12546528_12546819,1.515051
chr1_12579035_12579403,1.515051
chr1_12599928_12600179,1.515051
chr1_12600525_12600853,1.515051
chr1_12609717_12610039,8.5531895
chr1_12616547_12616769,1.515051
chr1_12675687_12675874,2.769707
chr1_12681925_12682190,2.769707
chr1_1295535_1296332,5.978118
chr1_13917058_13917313,2.915984
chr1_14027926_14028325,2.632504
chr1_14029077_14029879,2.632504
chr1_142538903_142539547,5.334657
chr1_144533627_144534178,190.094996
chr1_144871122_144871347,2.467547
chr1_144908312_144908601,2.467547
chr1_144908806_144909147,2.467547
chr1_144927217_144927550,2.467547
chr1_144986415_144987071,3.660127
chr1_144987154_144987391,3.660127
chr1_144988079_144988414,3.660127
chr1_145009158_145009716,3.660127
chr1_145012331_145013054,3.660127
chr1_145023690_145024549,3.660127
chr1_145042783_145043227,9.464913
chr1_145054975_145055306,3.660127
chr1_145058996_145059322,9.0963615
chr1_145064438_145064839,3.660127
chr1_145090155_145090603,3.660127
chr1_145092450_145092883,3.660127
chr1_145113904_145114998,3.660127
chr1_145437595_145437817,7.04515
chr1_145455122_145455741,5.631381
chr1_146764405_146764804,2.049717
chr1_147080043_147080251,1.769506
chr1_147806841_147807184,90.678874
chr1_14843752_14844090,6.117343
chr1_149978692_149979077,2.094974
chr1_149981648_149981889,7.934121
chr1_149984633_149984917,2.094974
chr1_150135231_150135764,5.545959
chr1_150231710_150231944,2.668677
chr1_150294873_150295138,5.690814
chr1_150577042_150577503,8.57837125
chr1_150585815_150586394,5.655687
chr1_150592182_150592667,2.8121850000000004
chr1_15059594_15059681,16.791549
chr1_150600412_150600701,4.2381443333333335
chr1_150949569_150950014,2.883228
chr1_151166314_151166527,3.325126
chr1_151168297_151168505,3.325126
chr1_151172142_151172526,6.795002500000001
chr1_151172620_151173197,6.795002500000001
chr1_151249767_151250096,3.395309
chr1_151284018_151284391,9.4040345
chr1_151485676_151485841,4.105952
chr1_151486181_151486300,4.105952
chr1_151913815_151914271,18.696744
chr1_151916920_151917624,11.249665
chr1_151918898_151919222,11.249665
chr1_151945068_151945221,10.366613000000001
chr1_151960875_151961433,15.16025
chr1_151961675_151962369,15.16025
chr1_151968368_151968560,15.16025
chr1_152006910_152007460,20.79868
chr1_152007615_152008057,20.79868
chr1_152010545_152011004,20.79868
chr1_153358841_153359368,8.433228
chr1_153488459_153488748,3.6129005
chr1_153504746_153504953,17.636986
chr1_153525322_153525412,15.33453
chr1_153526279_153526545,15.33453
chr1_153541018_153541368,15.33453
chr1_153583449_153583810,13.804744
chr1_153936554_153936861,6.940189500000001
chr1_154154606_154155027,8.8373495
chr1_154299137_154299452,5.153895
chr1_154391539_154392211,6.6398455
chr1_154392646_154393050,6.6398455
chr1_154397743_154397997,3.486158
chr1_154404273_154404562,7.298683
chr1_154405181_154405498,7.975327
chr1_154579303_154579782,3.178843
chr1_154582047_154582244,3.178843
chr1_154910155_154910399,12.876075
chr1_154972628_154972915,2.845002
chr1_154973036_154973200,2.845002
chr1_154973335_154973935,2.845002
chr1_154977099_154977253,2.845002
chr1_154978035_154978657,2.845002
chr1_154979104_154979305,2.845002
chr1_155098409_155098801,14.050695
chr1_15519488_15519688,1.726609
chr1_155620238_155620623,2.721081
chr1_155916072_155916212,3.102173
chr1_155944562_155945214,3.102173
chr1_155945743_155946196,3.102173
chr1_155946363_155946660,3.102173
chr1_156073142_156073699,11.182680999999999
chr1_156073854_156074351,13.167767
chr1_156074715_156075305,11.564975333333335
chr1_156089405_156089622,18.864164
chr1_156095033_156095181,18.864164
chr1_156103413_156103690,18.864164
chr1_156251648_156251762,3.145256
chr1_156426931_156427503,8.230728
chr1_156468556_156468776,3.662592
chr1_156472693_156472952,3.662592
chr1_156473111_156473378,3.662592
chr1_156474686_156475018,3.662592
chr1_156541089_156541488,6.481538
chr1_156629760_156630406,5.968267
chr1_156718467_156719136,7.277758
chr1_156719450_156719815,7.277758
chr1_156774360_156774606,2.382918
chr1_156781780_156782101,4.299282
chr1_156895977_156896091,1.725677
chr1_157106691_157107326,6.9515095
chr1_157111103_157111381,2.616759
chr1_157112029_157112315,2.616759
chr1_15738146_15738632,2.557448
chr1_15738661_15738986,2.557448
chr1_15742467_15743324,8.824632
chr1_157938818_157938961,13.906285
chr1_157964633_157965029,2.895864
chr1_157980631_157980890,2.895864
chr1_157989414_157989935,8.813316
chr1_158982200_158982857,7.512442
chr1_15946733_15946892,9.4854435
chr1_159851477_159851987,1.839446
chr1_159859603_159860031,1.839446
chr1_159880076_159880706,8.857728999999999
chr1_159892447_159892988,8.857728999999999
chr1_159907968_159908165,5.992188
chr1_159910997_159911192,5.992188
chr1_159914077_159914586,5.992188
chr1_16007283_16007579,6.700490500000001
chr1_160182240_160182579,2.887768
chr1_16030221_16030623,2.109103
chr1_160377718_160378261,4.085003
chr1_160696081_160696317,10.676952
chr1_160711095_160711588,1.950965
chr1_160712184_160712818,1.950965
chr1_160713171_160713322,1.950965
chr1_160714037_160714549,1.950965
chr1_160737478_160737714,13.968832
chr1_160982920_160983992,10.478827
chr1_160989381_160990254,20.575181
chr1_161037907_161038726,4.112983
chr1_161050902_161051096,4.112983
chr1_161052363_161052546,5.77744
chr1_161155098_161155533,3.15884
chr1_161155908_161155971,3.15884
chr1_161170260_161170636,2.39708
chr1_161170933_161171185,6.2622415
chr1_161177017_161177202,2.39708
chr1_16125579_16125747,12.016756
chr1_161352257_161352597,6.033347
chr1_161359666_161360218,8.286569
chr1_16176617_16176801,10.581824
chr1_16212759_16213091,6.659114
chr1_162508612_162508929,4.005797
chr1_162511455_162511984,4.005797
chr1_162518132_162518252,4.005797
chr1_162539981_162540420,4.005797
chr1_162599583_162599804,4.005797
chr1_162603017_162603226,4.005797
chr1_162659800_162660152,4.467972
chr1_16276028_16276482,3.262212
chr1_16277350_16278224,3.262212
chr1_16291784_16292062,3.262212
chr1_16292565_16293101,3.262212
chr1_163005587_163006022,11.256784
chr1_16401814_16401932,5.017488
chr1_164734934_164735098,4.154832
chr1_16478939_16479163,8.280613
chr1_16479299_16479465,8.280613
chr1_16499761_16499895,12.397199
chr1_16502532_16502678,4.22709
chr1_165797615_165798367,9.385791
chr1_165868061_165868423,6.542373
chr1_16670445_16670837,2.720157
chr1_16677236_16677843,2.720157
chr1_166828089_166828463,2.702751
chr1_167586596_167587245,13.156968
chr1_167683554_167683813,6.060718
chr1_167730247_167730494,2.153335
chr1_167766380_167766616,9.420244333333333
chr1_168050664_168051125,3.969242
chr1_168149052_168149361,5.6792
chr1_169071998_169072131,2.327426
chr1_171191543_171191565,5.778832
chr1_171255417_171255820,4.086324
chr1_1714020_1714715,3.181755
chr1_171407653_171408026,13.69339
chr1_171712214_171712716,9.932902
chr1_172291507_172291926,7.207869
chr1_17231253_17231704,52.54250466666667
chr1_172327070_172327187,5.355518
chr1_172327558_172328156,10.876113666666667
chr1_17254357_17254559,7.992149
chr1_172606833_172606931,7.803132
chr1_172828423_172828792,11.0156455
chr1_172903010_172903534,11.320051
chr1_172917653_172917863,6.096496
chr1_173091914_173092434,15.432233
chr1_173092552_173092771,15.432233
chr1_173447359_173447668,6.6741095
chr1_173816933_173817269,8.179135
chr1_17494378_17494745,5.985956
chr1_175145439_175145838,2.275443
chr1_175158150_175158288,2.275443
chr1_175160901_175161109,4.853778999999999
chr1_17518130_17518260,1.856994
chr1_17518941_17519138,8.238502
chr1_17534687_17534794,1.856994
chr1_17578205_17578469,1.807622
chr1_176174471_176174980,7.4734765
chr1_1772108_1772256,3.181755
chr1_178121154_178121309,2.084096
chr1_178207948_178208160,2.42323
chr1_178414274_178414285,1.867732
chr1_179110934_179111289,4.878147
chr1_1793829_1793862,7.0704385
chr1_180120187_180120425,2.686432
chr1_180554738_180554883,6.145171
chr1_180895607_180895967,1.536587
chr1_181032056_181032215,1.536587
chr1_181042855_181043067,1.536587
chr1_181056649_181057124,5.597571500000001
chr1_181060502_181060611,10.417355
chr1_181065454_181065797,1.536587
chr1_181068595_181069000,7.06216
chr1_181074349_181074924,3.9626
chr1_181075648_181075933,1.536587
chr1_181096103_181096331,1.536587
chr1_181097947_181098672,1.536587
chr1_181100547_181100997,1.536587
chr1_181104473_181105818,5.9240625
chr1_181110732_181111003,1.536587
chr1_181122099_181122260,1.536587
chr1_181130674_181130808,1.536587
chr1_1814762_1815124,3.181755
chr1_18200796_18200931,12.792509
chr1_182113385_182113953,11.032405
chr1_182259351_182259676,5.932043
chr1_182998797_182999044,5.983115
chr1_183129116_183129507,6.201076
chr1_183132366_183132749,6.201076
chr1_183133608_183133779,6.201076
chr1_183149947_183150219,6.201076
chr1_183161027_183161375,6.201076
chr1_183171353_183171815,6.201076
chr1_183191719_183192016,6.201076
chr1_183239968_183240242,6.201076
chr1_183241451_183241867,6.201076
chr1_183248987_183249454,6.201076
chr1_183256519_183256577,6.201076
chr1_183526698_183527308,2.539558
chr1_183549376_183549721,2.539558
chr1_183569908_183570014,4.219751
chr1_183577563_183577895,11.588204
chr1_1840449_1840835,3.181755
chr1_184129300_184129941,6.640213
chr1_184130086_184130836,6.640213
chr1_184357629_184357933,2.819554
chr1_184475712_184475981,1.774334
chr1_184773428_184773803,2.392006
chr1_184828541_184828899,2.181384
chr1_184836042_184836526,7.8073115
chr1_184922808_184923031,2.710637
chr1_184924828_184925180,2.710637
chr1_185250433_185250655,3.410672
chr1_185253692_185254037,3.410672
chr1_185409237_185409536,4.018668
chr1_19248887_19249092,4.338555
chr1_19253034_19253391,4.338555
chr1_19274997_19275345,4.338555
chr1_19276270_19276542,4.338555
chr1_19277155_19277462,4.338555
chr1_192776947_192777226,7.742366
chr1_19278388_19278892,4.338555
chr1_19280139_19280583,4.338555
chr1_192876755_192877567,3.802568
chr1_193180704_193180924,1.808675
chr1_193226500_193227132,1.755092
chr1_19324821_19325090,2.166117
chr1_19360402_19360809,2.045001
chr1_19762527_19762798,2.745611
chr1_19778785_19779174,2.745611
chr1_19794978_19795283,2.745611
chr1_19803336_19803680,2.745611
chr1_19803913_19804113,2.745611
chr1_19804974_19805167,2.745611
chr1_198124316_198124670,3.008501
chr1_198128112_198128944,5.0161370000000005
chr1_198136529_198137056,3.008501
chr1_198431538_198431860,2.16958
chr1_198850238_198850638,9.56477
chr1_198887897_198888318,2.426797
chr1_198889384_198889935,2.426797
chr1_198903935_198904934,8.069711
chr1_19926811_19926972,4.016445
chr1_199711776_199712042,14.541912
chr1_200783735_200784105,3.642794
chr1_200849437_200849683,3.642794
chr1_200857233_200857815,2.323663
chr1_200865264_200865418,2.323663
chr1_200865457_200866265,6.3176005
chr1_201160901_201161255,14.428081
chr1_201236006_201236165,5.252956
chr1_201244405_201244769,5.252956
chr1_201246115_201246382,5.252956
chr1_201277329_201277484,5.252956
chr1_201280694_201280963,5.252956
chr1_201295169_201295564,5.252956
chr1_201366439_201366550,5.1592579999999995
chr1_201431088_201431253,7.5943214999999995
chr1_201445401_201445412,7.886485500000001
chr1_201449602_201449822,4.061281
chr1_201463619_201463933,4.061281
chr1_201472589_201472996,4.061281
chr1_201682596_201682901,6.322036499999999
chr1_201684946_201685300,2.102538
chr1_201739210_201739573,2.261847
chr1_201742755_201743343,4.3578624999999995
chr1_201743848_201744120,4.3578624999999995
chr1_201987611_201988279,12.521153
chr1_20204786_20204981,19.826888
chr1_202937248_202937378,4.125746
chr1_203244129_203244381,5.577669
chr1_203247590_203248072,6.232248
chr1_203258547_203259334,15.992647999999999
chr1_203297101_203297334,17.486164
chr1_203481982_203482534,6.713457
chr1_203506114_203506504,5.446671
chr1_203598711_203598999,5.2218975
chr1_203599092_203599518,5.2218975
chr1_203617500_203617713,2.464714
chr1_203619380_203619832,4.262245500000001
chr1_203622445_203622560,2.464714
chr1_203624863_203625211,2.464714
chr1_203643182_203643803,2.464714
chr1_203661733_203662076,2.464714
chr1_203723839_203723956,1.805322
chr1_203728040_203728170,1.805322
chr1_204289566_204289863,4.84428
chr1_204358316_204358342,3.630127
chr1_204363456_204363666,6.947503
chr1_204386444_204387188,8.924754499999999
chr1_204387566_204387645,3.630127
chr1_204389721_204389989,3.630127
chr1_204486309_204486424,2.330473
chr1_204531285_204531644,2.330473
chr1_205144631_205144860,14.530622
chr1_205227547_205227721,6.048587
chr1_205253892_205254222,11.736686666666666
chr1_205267691_205267999,10.493919
chr1_205270500_205270865,4.142517
chr1_205288770_205288915,5.173604
chr1_205410224_205410578,2.411066
chr1_205418015_205418182,6.2096615
chr1_206290243_206290662,10.502492
chr1_206642854_206643037,1.815898
chr1_206688246_206688461,2.435692
chr1_206725353_206725581,1.720344
chr1_206748926_206749451,2.139803
chr1_206751685_206751882,2.139803
chr1_206754982_206755508,2.139803
chr1_206763465_206763687,6.4365595
chr1_206832398_206832801,3.439222
chr1_206859136_206859493,2.85511
chr1_206859748_206860259,2.85511
chr1_206897147_206897463,2.85511
chr1_206910483_206910789,2.85511
chr1_206918122_206918360,2.85511
chr1_206921953_206922243,2.85511
chr1_206926556_206926809,2.85511
chr1_207063537_207063710,7.239444
chr1_207080273_207080661,3.409295
chr1_207203424_207203586,15.303207
chr1_207414217_207414394,14.541912
chr1_207489914_207490291,10.448024
chr1_207509006_207509478,8.552938000000001
chr1_207997315_207997832,2.594558
chr1_207999163_207999611,2.594558
chr1_208021631_208021781,2.594558
chr1_208028503_208028730,2.594558
chr1_20806851_20807214,2.931212
chr1_208267767_208267971,2.05455
chr1_208335369_208335711,1.710618
chr1_208339104_208339123,1.710618
chr1_208377298_208378003,2.005366
chr1_208412497_208412696,1.772801
chr1_208418631_208418859,1.772801
chr1_20930711_20931037,4.246609
chr1_209528830_209529176,5.6994435
chr1_209538127_209538433,5.6994435
chr1_209542596_209542897,5.6994435
chr1_209556903_209557123,6.733894666666667
chr1_209557331_209557442,6.733894666666667
chr1_209562668_209562976,8.300697
chr1_209570810_209570947,5.6994435
chr1_209571959_209572357,5.6994435
chr1_209577571_209577627,5.6994435
chr1_209578512_209578819,5.6994435
chr1_209579567_209579719,5.6994435
chr1_209585617_209585757,7.246251000000001
chr1_209589374_209589797,8.806656333333333
chr1_209590107_209590333,8.806656333333333
chr1_209591220_209591436,5.6994435
chr1_209597695_209597830,5.6994435
chr1_209806744_209806957,12.305072
chr1_209820544_209820823,12.305072
chr1_209822403_209823008,12.305072
chr1_209827285_209827712,12.305072
chr1_209828801_209829023,12.305072
chr1_209829183_209829498,12.305072
chr1_209830400_209831026,12.305072
chr1_209831470_209831550,12.305072
chr1_209832170_209832305,12.305072
chr1_209833148_209833823,12.305072
chr1_209841164_209841607,12.305072
chr1_209921200_209921357,6.231492
chr1_209930112_209930553,6.231492
chr1_209930913_209931012,6.231492
chr1_209938931_209939742,6.231492
chr1_209942657_209943400,22.123725500000003
chr1_209978699_209978810,22.123725500000003
chr1_209989263_209989693,17.00147133333333
chr1_210056461_210057439,6.554303
chr1_210058060_210058292,6.554303
chr1_211590216_211590571,9.653354
chr1_211912030_211912428,1.779673
chr1_212458080_212458253,8.4181945
chr1_212643548_212643711,5.450194
chr1_212658172_212658571,6.431009
chr1_212659054_212659720,6.431009
chr1_212769584_212769966,12.018197
chr1_21348947_21349299,14.58346
chr1_214157858_214157941,1.914342
chr1_214162828_214163073,1.914342
chr1_214601098_214601566,8.4513505
chr1_214612784_214613126,5.3929715
chr1_214614555_214614760,5.3929715
chr1_214619335_214619608,4.774195
chr1_214648804_214649025,5.3622575
chr1_215130656_215131050,6.024913
chr1_215741534_215741966,9.845374
chr1_21588176_21588724,4.102239
chr1_21588829_21589430,4.102239
chr1_2162325_2162996,2.18966
chr1_21643831_21644195,1.705339
chr1_21650806_21651685,6.817586500000001
chr1_216774004_216774285,15.264492
chr1_2171824_2171946,2.18966
chr1_2172142_2172385,2.18966
chr1_2177615_2177829,2.18966
chr1_218523725_218524123,1.386222
chr1_218550674_218551089,7.4213510000000005
chr1_218633382_218633612,1.386222
chr1_218636802_218637167,1.386222
chr1_218642170_218642366,1.386222
chr1_218647012_218647232,1.386222
chr1_218662454_218662669,1.386222
chr1_218667919_218668153,1.386222
chr1_2190530_2190674,2.18966
chr1_21965161_21965473,17.831662
chr1_220189685_220189943,2.223208
chr1_220393257_220393560,3.693523
chr1_221612801_221613016,11.093919
chr1_221899063_221899285,4.168862
chr1_221913881_221914483,6.014632
chr1_221916049_221916599,6.014632
chr1_222000173_222000483,2.316588
chr1_222002644_222003471,2.316588
chr1_222161205_222161607,13.363996
chr1_2221868_2222548,1.747045
chr1_22231370_22231630,3.7965384999999996
chr1_22232811_22232851,1.891384
chr1_22235836_22236001,1.891384
chr1_22260274_22260656,6.0050945
chr1_22266159_22266438,10.764854333333332
chr1_2230678_2230895,1.747045
chr1_2231691_2232185,1.747045
chr1_2232428_2232896,1.747045
chr1_22345590_22345859,3.894429
chr1_22366226_22366841,3.894429
chr1_223892678_223892997,4.453601
chr1_223901276_223901546,5.775964500000001
chr1_223903033_223903347,5.775964500000001
chr1_223904365_223904567,5.775964500000001
chr1_223914239_223914747,5.1454509999999996
chr1_223964690_223965055,6.002426
chr1_224014874_224015267,6.728807
chr1_224019430_224020596,3.12847
chr1_224023477_224023773,3.12847
chr1_224032316_224032686,3.12847
chr1_224545542_224546006,6.603448
chr1_224598124_224598418,2.040884
chr1_22467332_22467678,3.894429
chr1_224685994_224686507,7.42714
chr1_224690718_224691054,6.917764
chr1_224691192_224691563,10.5601685
chr1_224730441_224730985,3.952157
chr1_225613143_225613456,13.767973
chr1_225642606_225642805,5.664265
chr1_225845408_225845613,3.055781
chr1_226187685_226188168,6.086175
chr1_226189681_226190319,2.809801
chr1_226190534_226190731,2.809801
chr1_226315308_226315548,1.729861
chr1_226315631_226315825,1.729861
chr1_226841173_226841776,2.70798
chr1_226841860_226842030,2.70798
chr1_226842095_226842563,2.70798
chr1_226842752_226843521,2.70798
chr1_226848307_226848509,2.70798
chr1_226849753_226849884,2.70798
chr1_226852222_226852636,2.70798
chr1_226864749_226865297,5.201234
chr1_226884834_226885233,16.2989495
chr1_226890865_226891416,5.550189
chr1_226896121_226896509,15.432233
chr1_227002760_227003096,14.917825
chr1_227128899_227129131,1.415522
chr1_227405146_227405174,1.415522
chr1_227751865_227752213,6.311773
chr1_228273480_228273740,12.551801
chr1_228338299_228338457,2.522658
chr1_228350789_228351109,2.522658
chr1_228783266_228783899,10.006516000000001
chr1_229365571_229365974,3.792667
chr1_229409656_229409997,2.175488
chr1_230220475_230220731,8.729585333333333
chr1_230240540_230240902,6.814923500000001
chr1_230241590_230241986,2.342339
chr1_230248068_230248475,2.342339
chr1_230249347_230250007,6.113987
chr1_230258907_230259286,2.342339
chr1_230279464_230279771,2.342339
chr1_230282048_230282189,2.342339
chr1_230407650_230408034,2.094969
chr1_23076914_23077145,11.0915155
chr1_232454898_232455086,5.953489
chr1_233249275_233249581,13.2558225
chr1_233750790_233751092,4.747883
chr1_233763307_233763375,4.747883
chr1_23387479_23387794,2.894682
chr1_23426690_23427100,9.132959
chr1_23429944_23430077,2.894682
chr1_234450953_234451201,6.4915275
chr1_234659231_234659760,10.496418
chr1_234680207_234680593,2.945195
chr1_234736336_234736615,18.221476
chr1_234737347_234737653,18.221476
chr1_234738546_234738834,18.221476
chr1_234746093_234747674,18.221476
chr1_234748100_234748931,18.221476
chr1_234749342_234749645,18.221476
chr1_234767593_234767925,13.0140355
chr1_234792654_234793437,13.9527035
chr1_234793934_234794239,13.9527035
chr1_234857710_234858181,9.007595
chr1_234858843_234859287,9.007595
chr1_234908151_234908764,16.057864
chr1_234914073_234914641,2.103765
chr1_234918221_234918587,2.103765
chr1_235106929_235107153,4.089298
chr1_235110834_235111403,3.998892
chr1_235133014_235133422,18.943217
chr1_235134086_235134438,18.943217
chr1_235146978_235147112,2.782281
chr1_235151501_235151917,2.782281
chr1_235151923_235152024,2.782281
chr1_23523350_23523682,2.894682
chr1_235242252_235242564,6.6590175
chr1_235243001_235243596,7.917604
chr1_235246558_235246857,2.911896
chr1_235267591_235267744,5.3094075
chr1_235668656_235669018,7.6302525
chr1_236030835_236031025,4.725912
chr1_236031049_236031919,4.725912
chr1_236080566_236081247,6.37246
chr1_236082498_236082788,6.37246
chr1_236083263_236083651,6.37246
chr1_236162583_236163199,4.261139
chr1_236698906_236699167,2.570784
chr1_23882500_23882866,5.429709
chr1_23912037_23912393,14.724702
chr1_23918101_23918449,10.163495
chr1_2406489_2406881,2.91802
chr1_241771916_241772216,2.691339
chr1_241775803_241776227,2.691339
chr1_243428005_243428394,17.474735
chr1_243451071_243451374,1.754929
chr1_243585242_243585384,5.725127
chr1_243637125_243637295,3.940849
chr1_244482749_244483387,5.071248
chr1_244486299_244486688,2.027536
chr1_244505125_244505457,9.737888
chr1_244517098_244517541,13.818630500000001
chr1_244763140_244763529,11.958557
chr1_24476382_24476609,1.648599
chr1_24516156_24516343,1.859542
chr1_24517528_24517868,1.859542
chr1_24518503_24518681,6.1568175
chr1_24519628_24519970,1.859542
chr1_245255337_245255432,6.185825
chr1_246591935_246592203,15.073344
chr1_246730569_246731007,2.409112
chr1_246732690_246733040,2.409112
chr1_246760708_246760962,4.062911
chr1_246772310_246772610,5.613931
chr1_24691833_24692082,5.018561500000001
chr1_247035132_247035504,1.913182
chr1_247093396_247093478,2.201856
chr1_24736156_24736250,7.0345995
chr1_24970685_24970736,6.082637
chr1_25011612_25011937,2.910923
chr1_25292573_25292807,4.20459
chr1_25559638_25560067,8.664264666666666
chr1_25566195_25566411,6.008067499999999
chr1_25566618_25566670,6.008067499999999
chr1_26022319_26022793,1.967574
chr1_26249033_26249281,5.699845
chr1_26452850_26453250,2.277598
chr1_26613887_26614371,3.985184
chr1_26615016_26615421,3.985184
chr1_26615527_26615997,3.985184
chr1_26616270_26616483,3.985184
chr1_26677301_26677628,4.7529885
chr1_26678060_26678317,4.7529885
chr1_26683687_26684084,2.970571
chr1_26827232_26827869,4.339209
chr1_26946837_26947249,12.546106
chr1_26947342_26948198,13.338128
chr1_27024638_27025138,11.078083999999999
chr1_27112764_27112917,3.007823
chr1_27175784_27176273,9.887237
chr1_27184739_27184972,9.887237
chr1_27185457_27185720,9.887237
chr1_27185755_27186143,9.887237
chr1_27191386_27191927,9.887237
chr1_27321452_27321840,5.147582
chr1_27462835_27462988,3.53353
chr1_27625914_27626081,5.468798
chr1_27691785_27692261,8.728004
chr1_27762936_27763307,2.073059
chr1_27848725_27849287,5.5276745
chr1_27854575_27854919,2.580535
chr1_27869425_27869556,2.580535
chr1_27890194_27890387,2.580535
chr1_27916292_27916674,2.580535
chr1_27924204_27924421,2.580535
chr1_27976905_27977430,9.993561
chr1_27982664_27982914,4.38398
chr1_27985480_27985709,7.0072980000000005
chr1_27985869_27985982,7.0072980000000005
chr1_27986111_27986384,7.0072980000000005
chr1_28189568_28190269,14.432574
chr1_28576012_28576248,5.221032
chr1_29101544_29101853,6.7194625
chr1_29203132_29203155,2.336471
chr1_29214759_29214998,4.307686
chr1_29224369_29224479,2.336471
chr1_29504261_29504387,3.303565
chr1_29563709_29564430,1.949902
chr1_29565515_29565732,1.949902
chr1_29565762_29566055,1.949902
chr1_31216468_31217229,10.069556333333333
chr1_31218107_31218539,1.853531
chr1_31223594_31223943,1.853531
chr1_31227443_31228328,1.853531
chr1_31232736_31232923,1.853531
chr1_31233848_31234393,1.853531
chr1_31235457_31235817,1.853531
chr1_31238135_31238354,1.853531
chr1_31238817_31239233,1.853531
chr1_31241795_31242280,1.853531
chr1_31251287_31251533,1.853531
chr1_31320336_31320627,1.853531
chr1_31401933_31402089,6.0864615
chr1_31537719_31538012,4.5013715
chr1_31627566_31627958,5.583043
chr1_31956203_31956482,8.415929
chr1_32015159_32015590,4.539277
chr1_32108020_32108204,5.573195500000001
chr1_32166698_32166999,4.644242
chr1_32180603_32180986,2.605968
chr1_32253647_32254040,4.488171
chr1_32405536_32405898,4.078245
chr1_32420307_32420572,18.279672
chr1_32421622_32422096,17.305077
chr1_32701561_32701886,6.190232
chr1_33182280_33182513,11.120286
chr1_33220297_33220575,8.587169000000001
chr1_33221272_33221671,8.118018666666666
chr1_33225777_33226084,5.404338
chr1_33226574_33226719,5.404338
chr1_33227148_33227387,5.404338
chr1_33405191_33405597,4.286083
chr1_33438571_33438703,4.286083
chr1_33446816_33447482,12.095657
chr1_33447667_33447707,4.286083
chr1_33448758_33448929,4.286083
chr1_33450112_33450483,4.286083
chr1_33450600_33450837,4.286083
chr1_33457914_33458607,4.286083
chr1_33458800_33459074,4.286083
chr1_33463131_33463490,4.286083
chr1_33463690_33463885,4.286083
chr1_33515825_33516245,4.286083
chr1_33564918_33565286,10.419795
chr1_33593963_33594340,12.509827000000001
chr1_33645848_33646140,2.013921
chr1_33685276_33685676,5.332475
chr1_3374928_3375314,1.631625
chr1_33804359_33804743,3.284745
chr1_33829513_33829825,3.284745
chr1_35891843_35891965,2.45365
chr1_36183411_36183689,4.235096
chr1_36489072_36489418,1.989147
chr1_36555347_36555633,6.6558545
chr1_36592352_36592554,3.0974525
chr1_36616485_36616868,3.0974525
chr1_36617554_36617914,3.0974525
chr1_36626561_36626969,3.0974525
chr1_36627717_36628369,3.0974525
chr1_36641160_36641451,3.0974525
chr1_36814630_36815106,1.989147
chr1_36825493_36825742,1.989147
chr1_36839449_36839891,5.270232
chr1_36840093_36840535,5.270232
chr1_36849527_36849580,3.9833985
chr1_36866636_36866899,1.989147
chr1_36940419_36940497,1.989147
chr1_36952484_36952865,1.989147
chr1_37937293_37937526,6.781663
chr1_37942874_37943354,13.989543
chr1_37944084_37944971,13.989543
chr1_38009784_38010404,2.40594
chr1_38010731_38010979,2.40594
chr1_38287158_38287399,3.198695
chr1_38291277_38291502,3.198695
chr1_38311465_38311868,2.156239
chr1_38317043_38317898,3.988132
chr1_38465723_38465839,2.477076
chr1_38495782_38495936,6.751602
chr1_38591881_38592061,2.278784
chr1_39286039_39286251,2.468896
chr1_39357087_39357474,2.468896
chr1_39547903_39548129,2.468896
chr1_39552835_39552967,2.468896
chr1_39596184_39596482,7.065847
chr1_39598118_39598362,8.780356
chr1_39598673_39599090,10.606698666666666
chr1_39633654_39634014,2.468896
chr1_39662647_39663006,2.468896
chr1_39857791_39857995,2.468896
chr1_39874208_39874673,2.468896
chr1_40006104_40006751,2.468896
chr1_40283075_40283206,15.191105
chr1_40295095_40295414,2.206346
chr1_40402545_40402801,2.812694
chr1_40426190_40426638,4.8650825
chr1_41501440_41501773,4.277512
chr1_41501908_41501999,4.277512
chr1_41825927_41826139,2.139025
chr1_41885108_41885337,13.773268
chr1_41952015_41952273,2.232243
chr1_41961925_41962146,2.232243
chr1_42127851_42128791,2.073259
chr1_42141163_42141343,2.073259
chr1_42149945_42149960,2.073259
chr1_42204580_42205516,12.131221
chr1_42230379_42230587,2.062924
chr1_42230841_42231100,2.062924
chr1_42234207_42234564,2.062924
chr1_42248889_42249252,14.484608000000001
chr1_42328578_42328878,16.478486
chr1_42366364_42366624,5.1810255
chr1_42774668_42774801,1.829847
chr1_43400932_43401203,13.183204
chr1_43402214_43402581,13.183204
chr1_43402778_43403133,13.183204
chr1_43405621_43405821,13.183204
chr1_43406108_43407009,13.183204
chr1_43407355_43407700,13.183204
chr1_43426742_43427095,9.417612
chr1_43427522_43427762,9.417612
chr1_43428386_43429108,9.417612
chr1_43429290_43429917,11.460408000000001
chr1_43432863_43433109,12.0825695
chr1_43524188_43524462,2.183443
chr1_43839359_43839523,4.8766385
chr1_43988888_43989038,2.901828
chr1_43997843_43998152,2.901828
chr1_44015731_44016125,6.089419
chr1_44176533_44177122,2.901828
chr1_44232152_44232509,5.928236
chr1_44240162_44240471,5.90304
chr1_44302297_44302456,14.628471
chr1_44378405_44378587,9.252562
chr1_44380893_44381202,10.904796
chr1_44428103_44428423,3.258894
chr1_44452990_44453115,3.258894
chr1_45195062_45195154,13.270389999999999
chr1_46111666_46112048,3.504513
chr1_46268583_46268737,5.295374
chr1_46637172_46637331,2.536696
chr1_46712372_46712767,2.9221915
chr1_4729528_4729775,1.78573
chr1_48484635_48484856,4.126346
chr1_51703075_51703494,2.249456
chr1_53020482_53020832,3.189684
chr1_54695028_54695502,1.198681
chr1_54696817_54697014,1.198681
chr1_54713635_54713793,1.198681
chr1_54715450_54715803,1.198681
chr1_54739679_54739787,1.198681
chr1_54744858_54745090,1.198681
chr1_54778588_54778715,1.198681
chr1_54868582_54868776,1.198681
chr1_54873075_54873515,1.198681
chr1_55340144_55340359,2.566644
chr1_55678785_55679185,2.545936
chr1_55894779_55895033,15.734306499999999
chr1_56972242_56972492,10.127403
chr1_59039624_59039692,19.619812
chr1_59050239_59050578,6.838096
chr1_59083966_59084335,11.183932500000001
chr1_59221049_59221462,5.570931
chr1_59228706_59229186,2.170013
chr1_59229881_59230252,2.170013
chr1_59278592_59278937,4.939069
chr1_59280364_59280505,4.939069
chr1_59280773_59281281,4.939069
chr1_59281510_59281579,4.939069
chr1_59281873_59282217,4.939069
chr1_59369049_59370138,5.808926
chr1_59392782_59392938,2.579833
chr1_59394323_59394565,2.579833
chr1_59395500_59395772,6.218842499999999
chr1_59397559_59397706,4.160163
chr1_59479443_59479773,2.246745
chr1_59537846_59538168,11.574175
chr1_60062084_60062408,4.942349
chr1_60140214_60140519,8.094564
chr1_6053603_6054107,1.645657
chr1_6054896_6055025,1.645657
chr1_61039424_61039611,2.529216
chr1_61522505_61523042,4.261098
chr1_61543611_61543877,6.3171865
chr1_61549054_61549253,3.005039
chr1_61649786_61650305,2.299076
chr1_61768031_61768305,2.574618
chr1_61918819_61919182,2.653584
chr1_62072423_62072573,12.002848
chr1_62605206_62605403,1.366589
chr1_62822173_62822473,18.54391
chr1_63151036_63151115,1.192704
chr1_6321567_6321961,2.350896
chr1_6336471_6336830,2.350896
chr1_6354110_6354322,3.743779
chr1_6359789_6360186,4.622466
chr1_6360191_6360625,4.622466
chr1_6362597_6362955,4.622466
chr1_64127998_64128504,3.036639
chr1_64197270_64197475,12.659254
chr1_64417224_64417447,1.203295
chr1_64500766_64501176,1.203295
chr1_64505281_64505575,5.7007595
chr1_65363729_65364057,2.712206
chr1_65364183_65364439,2.712206
chr1_65381647_65381826,2.712206
chr1_65383044_65383557,7.9849485
chr1_65387772_65388547,2.712206
chr1_65398951_65399446,2.712206
chr1_65534177_65534450,4.102239
chr1_65731337_65731853,10.802563
chr1_65888047_65888596,6.161616
chr1_6661008_6661639,23.400009
chr1_66728047_66728190,3.7201104999999997
chr1_67029939_67030347,13.84944
chr1_68029743_68030232,2.276167
chr1_68036173_68036524,5.21518
chr1_68041528_68041694,9.097867
chr1_68166463_68166766,3.767807
chr1_68189225_68189635,3.767807
chr1_68215256_68215932,7.6886345
chr1_68257818_68258216,3.767807
chr1_68285768_68286070,3.767807
chr1_68849988_68850367,14.541912
chr1_70691921_70692281,2.913737
chr1_70709017_70709466,2.913737
chr1_70746826_70747040,1.731587
chr1_70877943_70877992,12.753026
chr1_72749220_72749791,8.977376
chr1_72750417_72750888,8.977376
chr1_7461964_7462325,7.959668499999999
chr1_7531062_7531540,11.034876
chr1_78021710_78022056,2.812907
chr1_78026939_78027232,2.812907
chr1_7843556_7843653,2.590491
chr1_78469106_78469287,28.917631
chr1_8070132_8070398,6.115527
chr1_8107848_8108157,3.940145
chr1_8154517_8154933,17.138682
chr1_8156648_8157003,3.952157
chr1_8157417_8157780,3.952157
chr1_82168687_82169067,2.160089
chr1_8257762_8258040,16.975457
chr1_8262223_8262541,1.998311
chr1_8263853_8264184,1.998311
chr1_8264458_8264788,1.998311
chr1_8272041_8272390,1.998311
chr1_8445817_8446112,1.51311
chr1_8450820_8451072,1.51311
chr1_8487656_8487917,1.51311
chr1_8488165_8488317,1.51311
chr1_84971050_84971209,5.135566
chr1_85038681_85038996,14.837256
chr1_85313015_85313206,10.462153333333333
chr1_85320078_85320332,2.082619
chr1_85328527_85328795,2.082619
chr1_85349108_85349420,2.716877
chr1_85354514_85354763,6.9121755
chr1_8571636_8571856,1.51311
chr1_85737728_85738105,5.6605295
chr1_85744584_85744829,6.735757
chr1_85779776_85780132,1.672803
chr1_85794698_85795078,1.672803
chr1_85795855_85796291,1.672803
chr1_85796595_85797055,1.672803
chr1_85991291_85991622,1.794251
chr1_86049987_86050100,12.549839500000001
chr1_86072885_86073441,7.374696
chr1_86077578_86077925,9.645146
chr1_87171187_87171726,4.995957499999999
chr1_8720526_8720683,4.233147
chr1_87240012_87240427,5.715642
chr1_87689823_87690165,1.714744
chr1_87800631_87801610,3.906934
chr1_8933581_8933925,8.419507
chr1_89339924_89340210,2.323432
chr1_89358212_89358439,2.323432
chr1_89459818_89459853,3.441703
chr1_8964053_8964236,5.853606
chr1_90101821_90102213,4.344399
chr1_90137741_90138074,16.352504
chr1_90189523_90189798,1.891262
chr1_90190139_90190909,1.891262
chr1_90204490_90205244,2.444723
chr1_90274070_90274340,5.127799
chr1_90309838_90310280,4.260236
chr1_90372321_90372729,10.127403
chr1_92048914_92049154,5.881613
chr1_92202579_92202753,3.874832
chr1_9222919_9223181,3.1031525
chr1_9223907_9224260,3.1031525
chr1_92269494_92269966,10.185274
chr1_92270160_92270686,17.270877499999997
chr1_9271499_9271772,1.899428
chr1_9291783_9292106,1.899428
chr1_9293549_9293739,1.899428
chr1_9298798_9298942,1.899428
chr1_9335683_9335930,6.3509955
chr1_93427945_93428408,10.644862
chr1_93634565_93634982,4.485565
chr1_93914812_93914954,4.57122
chr1_9399032_9399161,1.899428
chr1_94089710_94089715,5.543071
chr1_94093325_94093611,5.543071
chr1_94127789_94128026,5.543071
chr1_94158601_94159338,5.543071
chr1_94161111_94161471,5.543071
chr1_94167175_94167520,5.543071
chr1_94169341_94169462,5.543071
chr1_94169670_94169961,5.543071
chr1_94201362_94201612,1.975187
chr1_94224546_94224929,1.975187
chr1_94244939_94245309,10.27728
chr1_94626535_94626661,2.680881
chr1_94701813_94701865,2.060407
chr1_94712051_94712193,2.060407
chr1_94712395_94712617,2.060407
chr1_9473687_9473864,1.899428
chr1_94788386_94788592,4.040439
chr1_95009926_95010072,4.966196
chr1_9504221_9504505,3.4016114999999996
chr1_95113814_95114327,5.291051
chr1_95193393_95193837,10.536132
chr1_95258204_95258621,1.239488
chr1_95263833_95264301,1.239488
chr1_95331900_95332266,1.239488
chr1_95464838_95464926,1.239488
chr1_95508067_95508435,2.180315
chr1_956563_956812,2.432777
chr1_96828119_96828533,9.756565
chr1_97308752_97309076,1.181141
chr1_9765379_9765549,2.458198
chr1_98403373_98403764,12.464496
chr1_98788970_98789228,6.451923
chr1_98789496_98789901,6.451923
chr1_9889535_9889880,2.458198
chr1_9902068_9902153,2.458198
chr1_9912448_9912800,2.458198
chr1_9960528_9960713,2.458198
