name_E,H3k4me2_E
chr10_1100843_1101035,14.709393
chr10_2939911_2940338,9.357381
chr10_3028046_3028193,6.466741000000001
chr10_3133662_3133717,15.010083
chr10_3137708_3138098,15.010083
chr10_3145163_3145536,10.980965
chr10_3306877_3306999,8.463039
chr10_3441336_3441600,8.264212
chr10_3497590_3497951,11.476483
chr10_3507725_3507898,12.027202
chr10_3509617_3509911,12.027202
chr10_3510310_3510716,12.027202
chr10_3511181_3511689,12.027202
chr10_3524547_3524820,16.317126
chr10_3598970_3599136,7.727607
chr10_3782727_3783283,10.27979
chr10_3797195_3797502,12.68518
chr10_3845250_3845852,7.256946
chr10_3845999_3846426,7.256946
chr10_3846443_3847038,14.793246
chr10_3848037_3849536,14.793246
chr10_3850308_3850795,8.076459
chr10_3852273_3852886,11.6923385
chr10_3853393_3854169,11.6923385
chr10_3856317_3856712,7.256946
chr10_3870489_3871262,18.988526
chr10_3878027_3878387,8.957023
chr10_3893365_3894190,17.26172
chr10_3902646_3902838,11.204615
chr10_3928866_3929216,10.082487
chr10_3929991_3930887,10.082487
chr10_3932191_3932411,10.082487
chr10_3991165_3991394,11.367075
chr10_4172866_4173257,13.21841
chr10_4173688_4174411,13.21841
chr10_4289203_4289519,8.673572
chr10_4396174_4396330,9.260773
chr10_4705159_4705783,8.559176
chr10_4813646_4813900,8.107839
chr10_4852300_4852352,4.447986
chr10_4891874_4892173,7.118844
chr10_5333644_5334212,9.491598
chr10_5336164_5336286,4.620625
chr10_5339443_5339719,5.028158
chr10_557102_557353,11.777138
chr10_5587810_5588190,10.620287
chr10_5588881_5589169,10.620287
chr10_5590010_5590295,10.620287
chr10_5590959_5591270,10.620287
chr10_5596279_5596669,7.33543
chr10_5638863_5639270,9.27867
chr10_5888274_5888577,10.421314
chr10_699938_700531,13.686853
chr10_830904_831008,12.952535
chr10_990446_990769,17.677263
chr1_100000188_100000393,5.210498
chr1_100104444_100104686,9.706432
chr1_100113534_100114036,17.072503
chr1_100138206_100138591,4.121703
chr1_100820585_100820838,20.727732
chr1_100911126_100911538,7.708968
chr1_10127211_10127315,12.81679
chr1_101313094_101313246,15.234511
chr1_1014834_1015095,11.790187
chr1_101577594_101578108,12.550358333333334
chr1_101725356_101725679,8.253735500000001
chr1_101764288_101764549,9.899423
chr1_101774729_101775525,19.101931
chr1_10269964_10270260,17.732762
chr1_103572619_103572906,13.0765
chr1_108479405_108480123,11.560322
chr1_108593971_108594173,6.603839
chr1_108594435_108594579,6.603839
chr1_108741685_108742156,19.067045
chr1_109104473_109104583,11.721596
chr1_109127044_109127234,7.89294
chr1_109133120_109133338,12.55663
chr1_109133637_109134097,12.55663
chr1_109262615_109262764,12.312537
chr1_1093610_1093958,13.638924
chr1_109933790_109934137,4.730631
chr1_109938897_109939079,7.723929
chr1_110160052_110160461,13.232087
chr1_110333273_110333688,7.862724
chr1_110334849_110335164,9.349197
chr1_110335775_110336041,7.8552
chr1_110451717_110451917,8.9782
chr1_110454846_110455290,8.9782
chr1_110476602_110476703,4.998763
chr1_110626726_110627062,9.198018
chr1_110879130_110879445,15.335209
chr1_111735402_111735659,4.774473
chr1_111735691_111736003,4.774473
chr1_112050044_112050594,13.636981
chr1_112058341_112058601,10.007878
chr1_112058803_112059167,10.007878
chr1_112135698_112135869,11.817044
chr1_112163412_112163797,13.646665
chr1_112163826_112164071,13.646665
chr1_112276731_112276883,7.537374
chr1_112942216_112942335,21.391305
chr1_113086746_113087141,7.40482
chr1_113584893_113585079,14.329272
chr1_113683682_113683919,4.666525
chr1_114326143_114326379,8.431517
chr1_115052481_115052766,15.468331
chr1_115605190_115605611,9.939402
chr1_115605746_115606114,9.939402
chr1_115627657_115627928,9.881299
chr1_115641281_115641604,12.506694
chr1_115709526_115709713,9.86892
chr1_115722074_115722498,4.479115
chr1_115732772_115733197,6.810313
chr1_115968975_115969167,7.692293
chr1_116088478_116088732,7.368867
chr1_116370977_116371565,9.263718
chr1_116918925_116919548,20.014951
chr1_116920378_116921129,20.014951
chr1_116923407_116923493,20.014951
chr1_117032033_117032296,10.359825
chr1_117050808_117051139,6.773846
chr1_117051576_117051921,6.773846
chr1_117111804_117112156,11.924299
chr1_117112460_117112738,11.924299
chr1_117421623_117422020,12.568243
chr1_11753086_11753651,9.568984333333333
chr1_118197244_118197521,7.781523
chr1_11968510_11969143,10.968181
chr1_11990003_11990329,12.811525
chr1_120255895_120256325,12.525284
chr1_12046023_12046196,11.009684
chr1_12193120_12193399,11.516371
chr1_12213128_12213883,5.097958
chr1_12221931_12222397,8.391245
chr1_12227833_12229578,14.228805
chr1_12235070_12235463,5.48686
chr1_12237719_12238747,8.892388
chr1_12238984_12239461,8.892388
chr1_12240401_12240902,8.892388
chr1_12243852_12244671,6.908433
chr1_12245348_12245387,6.908433
chr1_12493313_12493712,14.165221
chr1_12493910_12494304,14.165221
chr1_12599928_12600179,14.009944
chr1_12600525_12600853,4.932072
chr1_12609717_12610039,8.562954
chr1_12675687_12675874,18.293953
chr1_14027926_14028325,12.433604
chr1_142538903_142539547,5.528965
chr1_144533627_144534178,12.8496475
chr1_144536201_144536370,8.6543
chr1_144908312_144908601,14.369108
chr1_144908806_144909147,14.369108
chr1_144927217_144927550,42.76576
chr1_145009158_145009716,14.909190500000001
chr1_145012331_145013054,3.900459
chr1_145023690_145024549,8.483358
chr1_145042783_145043227,16.026501
chr1_145054975_145055306,1.896465
chr1_145058996_145059322,1.896465
chr1_145090155_145090603,12.822002
chr1_145092450_145092883,12.822002
chr1_145226678_145226829,4.962049
chr1_145437595_145437817,21.602547
chr1_145454760_145454851,10.717568
chr1_145455122_145455741,10.717568
chr1_145526126_145526326,7.89442
chr1_147775754_147775884,20.229744
chr1_147806841_147807184,19.193952
chr1_148000699_148000802,5.032064
chr1_149215297_149215704,14.096962
chr1_149981648_149981889,20.393509
chr1_150135231_150135764,11.979587
chr1_150185878_150186128,14.242213
chr1_150294873_150295138,15.418944
chr1_150577042_150577503,8.655129
chr1_150585815_150586394,11.04338
chr1_150592182_150592667,4.665182
chr1_150600412_150600701,16.78149
chr1_150735950_150736336,8.581198
chr1_150949569_150950014,16.290331
chr1_151168297_151168505,13.416922
chr1_151172142_151172526,13.416922
chr1_151172620_151173197,13.416922
chr1_151284018_151284391,6.109399
chr1_151445792_151446161,14.430132
chr1_151485676_151485841,10.530551
chr1_151809390_151809745,5.668998
chr1_151871280_151871437,10.950504
chr1_151877533_151877895,8.386571
chr1_151909443_151909536,4.665182
chr1_151916920_151917624,8.059629
chr1_151918898_151919222,8.059629
chr1_151945068_151945221,17.465874
chr1_151960875_151961433,22.302156
chr1_151961675_151962369,22.302156
chr1_152006910_152007460,23.710707
chr1_152007615_152008057,23.710707
chr1_152010545_152011004,23.710707
chr1_15335392_15335732,8.840693
chr1_153504746_153504953,21.719141
chr1_153541018_153541368,7.095731
chr1_153583449_153583810,11.997705499999999
chr1_153670755_153671012,9.610849
chr1_153762591_153763309,11.146225
chr1_153936554_153936861,18.496155
chr1_154154606_154155027,16.524605
chr1_15416988_15417263,7.258884
chr1_154299137_154299452,12.985219
chr1_154302207_154302441,12.985219
chr1_154391539_154392211,14.410228
chr1_154392646_154393050,14.410228
chr1_154468503_154468634,8.445809
chr1_154579303_154579782,14.74846
chr1_154582047_154582244,14.74846
chr1_154699087_154699216,4.464707
chr1_154910155_154910399,20.927461
chr1_154972628_154972915,11.87393
chr1_154973036_154973200,11.87393
chr1_154973335_154973935,11.87393
chr1_154977099_154977253,11.87393
chr1_154978035_154978657,11.87393
chr1_155098409_155098801,14.399596
chr1_155620238_155620623,1.892434
chr1_155830201_155830522,15.790328
chr1_15585949_15586132,10.826555
chr1_15587144_15587415,10.826555
chr1_155944562_155945214,9.3948445
chr1_155945743_155946196,9.3948445
chr1_155946363_155946660,9.3948445
chr1_156066868_156067143,6.710646
chr1_156073142_156073699,12.453284
chr1_156073854_156074351,12.453284
chr1_156074715_156075305,12.453284
chr1_156089405_156089622,13.651233
chr1_156095033_156095181,13.651233
chr1_156118146_156118395,9.32375
chr1_156251648_156251762,20.776045
chr1_156426931_156427503,12.027136
chr1_156468556_156468776,13.585196
chr1_156472693_156472952,13.585196
chr1_156473111_156473378,13.585196
chr1_156474686_156475018,13.585196
chr1_156541089_156541488,17.361721
chr1_156586355_156586564,12.268167
chr1_156629760_156630406,10.826471
chr1_156634807_156635020,10.826471
chr1_15664307_15664455,9.843799
chr1_156645551_156645913,13.615408
chr1_15664580_15664866,9.843799
chr1_156676478_156676824,6.647383
chr1_156718467_156719136,23.066412
chr1_156719450_156719815,23.066412
chr1_156864713_156865066,16.738296
chr1_157076072_157076782,8.476605
chr1_157106691_157107326,17.328375
chr1_157124774_157125221,4.691143
chr1_15738146_15738632,11.198793
chr1_15738661_15738986,11.198793
chr1_15742467_15743324,7.20237
chr1_157938818_157938961,7.500081
chr1_157964633_157965029,13.257352
chr1_157980631_157980890,11.231905
chr1_157989414_157989935,14.320399
chr1_158970513_158970716,22.142199
chr1_158982200_158982857,17.997264
chr1_159111772_159112137,5.994989
chr1_159158093_159158524,4.703532
chr1_15946733_15946892,17.405426
chr1_159819832_159820037,5.132675
chr1_159851477_159851987,9.328838
chr1_159859603_159860031,14.914309
chr1_159880076_159880706,6.238491
chr1_159892447_159892988,18.971509
chr1_16087189_16087372,12.636856
chr1_160982920_160983992,20.847511
chr1_160989381_160990254,18.335773
chr1_161155098_161155533,8.540122
chr1_161155908_161155971,8.540122
chr1_161170260_161170636,15.83506
chr1_161170933_161171185,15.83506
chr1_161177017_161177202,4.268192
chr1_16125579_16125747,6.082738
chr1_161352257_161352597,7.798894
chr1_161359666_161360218,13.522525
chr1_161469487_161469783,12.248694
chr1_161500608_161500899,6.581126
chr1_161502624_161502920,6.581126
chr1_161582212_161582506,7.017538
chr1_16176617_16176801,18.965312
chr1_16212759_16213091,14.670512
chr1_162508612_162508929,14.320164
chr1_162511455_162511984,10.013497
chr1_162539981_162540420,7.257706
chr1_162599583_162599804,19.25017
chr1_162603017_162603226,19.25017
chr1_162659800_162660152,9.191053
chr1_16276028_16276482,8.111818
chr1_16277350_16278224,8.111818
chr1_162827762_162827953,10.77069
chr1_16291784_16292062,7.086998
chr1_16292565_16293101,8.739689
chr1_162954567_162954830,9.49141
chr1_163005587_163006022,8.61481
chr1_163006587_163006657,8.61481
chr1_163844797_163845064,13.664036
chr1_164686304_164686686,12.008524
chr1_164717528_164717907,4.796606
chr1_16478939_16479163,13.106169
chr1_16479299_16479465,13.106169
chr1_16499761_16499895,9.37282
chr1_16502532_16502678,7.710187
chr1_16508402_16508642,12.205678
chr1_16553276_16553594,4.9219
chr1_165797615_165798367,18.627747
chr1_165868061_165868423,7.021349
chr1_16677236_16677843,21.323784
chr1_167423404_167424221,10.612261
chr1_167424728_167425462,10.612261
chr1_167425853_167426232,10.612261
chr1_167586596_167587245,11.945321
chr1_167683554_167683813,24.408527
chr1_167766380_167766616,6.7516135
chr1_168149052_168149361,17.536068
chr1_16826315_16826438,8.541703
chr1_169860308_169860488,10.074743999999999
chr1_170633923_170634526,9.44943
chr1_170635008_170635144,9.44943
chr1_170677232_170677374,9.07633
chr1_1714020_1714715,7.953164
chr1_171712214_171712716,20.010791
chr1_172106187_172106635,7.866002
chr1_172150675_172151005,12.431441
chr1_172291507_172291926,16.746392
chr1_17231253_17231704,18.158951
chr1_172324588_172324814,15.96839
chr1_172327070_172327187,15.96839
chr1_172327558_172328156,15.96839
chr1_172667452_172667583,7.73127
chr1_172715484_172715760,8.079916
chr1_172828423_172828792,7.916634
chr1_172852442_172852809,10.620547
chr1_172863432_172863838,11.1944225
chr1_172878579_172879356,8.607186
chr1_172882769_172883147,5.708771
chr1_172887147_172887473,5.708771
chr1_172888696_172888994,5.708771
chr1_172900674_172900969,7.997507
chr1_172903010_172903534,7.997507
chr1_172917653_172917863,8.512237
chr1_172959872_172960111,8.864799
chr1_172978915_172979201,4.256186
chr1_173081389_173081497,12.064968
chr1_173091914_173092434,10.814763
chr1_173092552_173092771,10.814763
chr1_173164805_173165199,9.264631
chr1_173398914_173399297,12.152978
chr1_173447359_173447668,17.57911
chr1_17454855_17455288,4.94911
chr1_174937322_174937525,7.387432
chr1_175160901_175161109,13.656966
chr1_175568488_175568642,7.571509
chr1_17578205_17578469,3.530541
chr1_176174471_176174980,20.185607
chr1_177150553_177151051,10.60493
chr1_177896186_177896486,10.225638
chr1_177903071_177903284,4.607922
chr1_178157578_178157966,16.75532
chr1_178207948_178208160,9.536181
chr1_178231351_178231525,8.590185
chr1_178252303_178252477,1.865016
chr1_179110934_179111289,14.588736
chr1_179160106_179160405,13.048286
chr1_179555221_179555646,7.824558
chr1_180120187_180120425,15.378127
chr1_180200315_180200683,9.608954
chr1_180554738_180554883,4.257567
chr1_181056649_181057124,17.921541
chr1_181060502_181060611,17.921541
chr1_181065454_181065797,7.932236
chr1_181068595_181069000,9.23063
chr1_181074349_181074924,9.23063
chr1_181075648_181075933,9.23063
chr1_181104473_181105818,9.153754
chr1_181110732_181111003,9.530401
chr1_181122099_181122260,7.57547
chr1_181998739_181999134,11.412681
chr1_182998797_182999044,12.015694499999999
chr1_183132366_183132749,6.132668
chr1_183133608_183133779,6.132668
chr1_183149947_183150219,9.152127
chr1_183239968_183240242,6.372057
chr1_183241451_183241867,5.079323
chr1_183549376_183549721,4.187973
chr1_183577563_183577895,4.342368
chr1_183578502_183578873,4.342368
chr1_183776671_183777014,17.208969
chr1_183811794_183811833,12.326155
chr1_183846576_183846867,6.987125
chr1_184005350_184005919,8.119063
chr1_1840449_1840835,13.46124
chr1_184123506_184123811,16.444131
chr1_184265554_184265938,9.420047
chr1_184357629_184357933,14.096962
chr1_184724887_184725142,21.387546
chr1_184922808_184923031,9.70678
chr1_185127324_185127657,17.678832
chr1_185344563_185345243,12.661947
chr1_185346055_185346679,12.661947
chr1_185536131_185536449,8.045711
chr1_186585602_186586032,2.209805
chr1_186587444_186588060,2.209805
chr1_186590040_186590634,2.209805
chr1_186625019_186625399,12.607209999999998
chr1_186943840_186944382,12.254367
chr1_186947742_186948198,12.254367
chr1_187996792_187997117,12.790994
chr1_192446152_192446393,13.774483
chr1_192481549_192481949,5.8643885000000004
chr1_192485848_192486563,3.038398
chr1_192487767_192488105,3.038398
chr1_19248887_19249092,7.902663
chr1_192490879_192491144,5.858045000000001
chr1_192500254_192500504,6.201271
chr1_192505450_192505712,3.038398
chr1_192514282_192514417,6.734215000000001
chr1_192519890_192520690,3.038398
chr1_192521878_192522349,5.893060500000001
chr1_192524105_192524371,3.038398
chr1_19253034_19253391,7.902663
chr1_192691567_192691932,8.347073
chr1_19274997_19275345,14.033217
chr1_19276270_19276542,14.033217
chr1_19277155_19277462,14.033217
chr1_192776947_192777226,20.924163
chr1_19278388_19278892,14.033217
chr1_19280139_19280583,16.740393
chr1_192873637_192874003,8.883017
chr1_192921207_192921501,13.01569
chr1_19336477_19336714,5.616154
chr1_193583968_193584211,10.5738695
chr1_19762527_19762798,6.639824
chr1_19794978_19795283,6.5279
chr1_19803336_19803680,11.348369
chr1_19803913_19804113,11.348369
chr1_19804974_19805167,11.348369
chr1_198087299_198087585,3.130596
chr1_198090244_198090551,4.176878
chr1_198092315_198092633,11.229555
chr1_198124316_198124670,19.558405
chr1_198128112_198128944,19.558405
chr1_198136529_198137056,5.65107
chr1_19832322_19832519,10.523981
chr1_198650930_198651643,8.190785
chr1_198850238_198850638,7.948562
chr1_198887897_198888318,8.034162666666667
chr1_198889384_198889935,8.034162666666667
chr1_198893258_198893473,8.096507
chr1_198898987_198899513,15.046742000000002
chr1_198901469_198901869,15.046742000000002
chr1_198903935_198904934,15.046742000000002
chr1_199711776_199712042,8.252248
chr1_199826452_199826640,4.29366
chr1_199828633_199828987,7.762118
chr1_200122559_200122752,6.927994
chr1_200321353_200321596,12.008524
chr1_200332454_200332650,5.821283
chr1_20091332_20091506,8.357932
chr1_201139670_201140154,15.821215
chr1_201431088_201431253,3.160589
chr1_201449602_201449822,5.391339
chr1_201463619_201463933,7.046987
chr1_201472589_201472996,20.202829
chr1_201515368_201515617,6.501482
chr1_201520953_201521395,7.040444
chr1_201524172_201524339,8.316837
chr1_201572031_201572237,6.189415
chr1_201605860_201605966,8.314984
chr1_201619383_201619798,10.6050015
chr1_201682596_201682901,10.817417
chr1_201684946_201685300,10.157407500000001
chr1_201739210_201739573,8.646137
chr1_201742755_201743343,7.216615
chr1_201743848_201744120,7.216615
chr1_202937248_202937378,12.879471
chr1_203258547_203259334,8.231008
chr1_203259429_203259985,8.231008
chr1_203289937_203290406,4.493595
chr1_203296328_203297068,10.967257
chr1_203297101_203297334,10.967257
chr1_203481982_203482534,8.4768155
chr1_203489584_203489741,7.599144
chr1_203576404_203576703,10.718352
chr1_203598711_203598999,19.817936
chr1_203599092_203599518,19.817936
chr1_203619380_203619832,9.174594
chr1_203622445_203622560,11.631574
chr1_203643182_203643803,7.674086
chr1_203661733_203662076,7.780076
chr1_204058173_204058362,5.678286
chr1_204071387_204071653,10.351537
chr1_204073791_204074252,10.351537
chr1_20407516_20407737,5.066096
chr1_204317952_204318184,4.248986
chr1_204330284_204330553,7.8283225000000005
chr1_204332438_204332553,10.062077500000001
chr1_20437370_20437554,4.617596
chr1_204386444_204387188,24.236883
chr1_204430759_204431008,15.225588
chr1_204432329_204432499,11.611548
chr1_204486309_204486424,10.415935
chr1_205144631_205144860,7.730384
chr1_205253892_205254222,6.353478
chr1_205254805_205255191,6.353478
chr1_205257253_205257766,7.709753
chr1_205262860_205263030,13.775975
chr1_205267691_205267999,5.915964
chr1_205283024_205283394,8.883017
chr1_205288770_205288915,12.15863
chr1_205638319_205638508,3.54086
chr1_205638734_205639222,3.54086
chr1_206642854_206643037,11.275809
chr1_206748515_206748888,10.659014
chr1_206748926_206749451,10.659014
chr1_206859136_206859493,10.08228
chr1_206859748_206860259,10.08228
chr1_207414217_207414394,11.068097
chr1_207997315_207997832,11.429334
chr1_207999163_207999611,11.429334
chr1_208021631_208021781,10.068248
chr1_208115711_208115874,9.141364
chr1_208335369_208335711,6.231735
chr1_208339104_208339123,6.231735
chr1_208377298_208378003,6.231735
chr1_208412497_208412696,6.231735
chr1_208418631_208418859,6.231735
chr1_209822403_209823008,6.833339
chr1_209830400_209831026,4.222778
chr1_209833148_209833823,11.4080975
chr1_209921200_209921357,6.264273
chr1_209942657_209943400,11.31615
chr1_209978699_209978810,9.799047
chr1_210056461_210057439,5.506314
chr1_210058060_210058292,5.506314
chr1_210425971_210426288,8.753781
chr1_211500826_211501119,9.805595
chr1_211590216_211590571,3.843732
chr1_211688648_211688771,5.416888
chr1_211753366_211753524,16.215808
chr1_212261904_212262125,11.316933
chr1_212458080_212458253,15.48814
chr1_212769584_212769966,11.151509
chr1_212808477_212808830,11.47629
chr1_212808992_212809268,11.47629
chr1_212809966_212810356,11.47629
chr1_212840606_212841015,10.29302
chr1_212841280_212841455,10.29302
chr1_212993371_212993544,8.313593
chr1_21348947_21349299,21.215628
chr1_21349725_21349786,21.215628
chr1_2140151_2140337,4.002841
chr1_214162828_214163073,15.517887
chr1_214601098_214601566,8.119445
chr1_214612784_214613126,6.16902
chr1_214614555_214614760,7.885311
chr1_214619335_214619608,7.863341
chr1_214648804_214649025,7.965987
chr1_21475659_21476054,10.559551
chr1_215741534_215741966,21.513203
chr1_21588176_21588724,10.065686
chr1_21588829_21589430,10.065686
chr1_2162325_2162996,15.848273
chr1_21649091_21649481,9.679409
chr1_21650806_21651685,9.679409
chr1_21660622_21661187,11.790996
chr1_21663991_21664182,11.790996
chr1_21664400_21664833,11.790996
chr1_21664947_21665143,11.790996
chr1_216774004_216774285,13.692504
chr1_21724067_21724372,10.12147
chr1_217308487_217308861,5.430606
chr1_2177615_2177829,13.03969
chr1_218523725_218524123,23.605978
chr1_218550674_218551089,5.0652545
chr1_218633382_218633612,12.117963
chr1_218636802_218637167,9.869136
chr1_218642170_218642366,8.646137
chr1_218647012_218647232,10.329136
chr1_218758903_218759111,10.541979
chr1_218847947_218848245,9.91884
chr1_219497639_219497836,7.326021
chr1_219498496_219498646,7.326021
chr1_220865094_220865145,7.8121905
chr1_220868801_220868862,3.287771
chr1_221049992_221050390,12.551713
chr1_221050798_221050949,12.551713
chr1_221209079_221209530,8.342405
chr1_221271745_221272272,4.852424
chr1_221272384_221272740,4.852424
chr1_221273966_221274169,12.109436
chr1_221567491_221567844,6.666149
chr1_221612801_221613016,8.548615
chr1_221614030_221614267,8.548615
chr1_221913881_221914483,3.600788
chr1_221916049_221916599,3.600788
chr1_221931213_221931399,3.600788
chr1_221982394_221982755,5.375775
chr1_221983045_221983456,5.375775
chr1_222000173_222000483,11.691433
chr1_222002644_222003471,12.543084
chr1_2221868_2222548,8.555139
chr1_22231370_22231630,6.495016
chr1_22232811_22232851,6.495016
chr1_22235836_22236001,6.495016
chr1_22260274_22260656,6.495016
chr1_222638782_222639204,17.098265
chr1_22266159_22266438,6.495016
chr1_22275479_22275551,6.495016
chr1_222987149_222987502,12.739237
chr1_2231691_2232185,8.041907
chr1_2232428_2232896,8.041907
chr1_22345590_22345859,9.915295
chr1_22366226_22366841,11.117503
chr1_223892678_223892997,12.500439
chr1_223901276_223901546,17.320498
chr1_223903033_223903347,17.320498
chr1_223904365_223904567,17.320498
chr1_223914239_223914747,10.143563
chr1_223964690_223965055,9.44933
chr1_224019430_224020596,7.312587
chr1_224023477_224023773,7.312587
chr1_224032316_224032686,18.920253
chr1_224240602_224240763,8.230701
chr1_224545542_224546006,14.51937
chr1_224635065_224635439,8.476605
chr1_224685994_224686507,11.000249
chr1_224690718_224691054,9.508215
chr1_224691192_224691563,9.508215
chr1_224727681_224727955,10.688166
chr1_224730441_224730985,10.688166
chr1_224732016_224732357,10.688166
chr1_224733345_224733601,10.688166
chr1_224811590_224812043,8.86229
chr1_2253622_2253773,12.397827
chr1_2254081_2254230,7.752338
chr1_225613143_225613456,16.328136
chr1_225642606_225642805,4.740207
chr1_225654906_225655584,12.020721
chr1_225845408_225845613,15.044193
chr1_225881856_225882162,10.558537
chr1_225934674_225934968,17.614713
chr1_226187685_226188168,14.423468
chr1_226189681_226190319,14.423468
chr1_226190534_226190731,14.423468
chr1_226222205_226222589,7.205114
chr1_226288544_226288864,16.009395
chr1_226297611_226298113,8.91324
chr1_226315631_226315825,11.605553
chr1_226737265_226737393,4.436444
chr1_226839418_226839818,2.511307
chr1_226841173_226841776,2.511307
chr1_226841860_226842030,2.511307
chr1_226842095_226842563,2.511307
chr1_226842752_226843521,2.511307
chr1_226848307_226848509,2.511307
chr1_226849753_226849884,4.522304
chr1_226852222_226852636,4.522304
chr1_226864749_226865297,2.511307
chr1_226866232_226866788,2.511307
chr1_226867069_226867278,2.511307
chr1_226867580_226868182,8.049047
chr1_226870398_226870999,2.511307
chr1_226875915_226876346,2.511307
chr1_226876730_226876990,2.511307
chr1_226878935_226879345,6.5933585
chr1_226884834_226885233,2.511307
chr1_226890098_226890374,6.6924925
chr1_226890865_226891416,6.6924925
chr1_226896121_226896509,2.511307
chr1_226911425_226911742,4.396341
chr1_226927547_226927740,14.070381
chr1_226997737_226998213,3.46186
chr1_227002760_227003096,5.858108
chr1_227009018_227009221,6.802853
chr1_227128899_227129131,15.44737
chr1_227405146_227405174,2.262679
chr1_227751865_227752213,12.219817
chr1_228273480_228273740,19.396165
chr1_228350789_228351109,8.1808705
chr1_228633222_228633907,9.526519
chr1_228634060_228634141,9.526519
chr1_228651177_228651630,9.091725
chr1_228783266_228783899,13.39794
chr1_228973832_228974198,7.528503
chr1_229074291_229074557,7.40493
chr1_229196056_229196102,4.187544
chr1_229409656_229409997,13.339785
chr1_229692979_229693368,11.939481
chr1_230220475_230220731,8.925436
chr1_230240540_230240902,11.007553
chr1_230241590_230241986,11.007553
chr1_230249347_230250007,9.349745
chr1_230407650_230408034,8.171654
chr1_23076914_23077145,8.663026
chr1_231002258_231002436,15.995709
chr1_231113054_231113423,15.776638
chr1_231347338_231347496,13.719188
chr1_231629288_231629504,10.984846
chr1_231665787_231666093,21.337483
chr1_232106545_232106680,13.26672
chr1_232107055_232107371,13.26672
chr1_232714427_232714703,6.456195
chr1_232725638_232725888,4.406204
chr1_232726496_232726761,4.406204
chr1_233249275_233249581,16.1915095
chr1_233250723_233251216,11.722163333333333
chr1_233750790_233751092,5.791006
chr1_23426690_23427100,11.937214
chr1_23429944_23430077,11.937214
chr1_234450953_234451201,9.162573
chr1_234658291_234658851,12.47999
chr1_234659231_234659760,12.47999
chr1_234680207_234680593,5.172847
chr1_234686100_234686288,4.554486
chr1_234736336_234736615,27.105846
chr1_234737347_234737653,27.105846
chr1_234738546_234738834,27.105846
chr1_234746093_234747674,27.105846
chr1_234748100_234748931,27.105846
chr1_234749342_234749645,27.105846
chr1_234767593_234767925,7.073469
chr1_234792654_234793437,5.953763
chr1_234793934_234794239,5.953763
chr1_234812067_234812214,19.159054
chr1_234857710_234858181,11.722388
chr1_234858843_234859287,11.722388
chr1_234881537_234881788,9.265072
chr1_234907393_234907835,9.460059
chr1_234908151_234908764,9.460059
chr1_234980393_234980645,11.24269
chr1_234981045_234981471,11.24269
chr1_234987212_234987644,8.870227
chr1_235068890_235069050,6.0817084999999995
chr1_235069269_235069652,6.0817084999999995
chr1_235070340_235070651,2.823454
chr1_235096560_235096855,7.132936
chr1_235097868_235098070,7.132936
chr1_235104770_235105153,7.354158
chr1_235110834_235111403,9.540781
chr1_235112749_235113173,9.225119
chr1_235114050_235115068,9.225119
chr1_235120162_235120433,10.748505
chr1_235122652_235122939,11.004772
chr1_235133014_235133422,10.566002
chr1_235134086_235134438,10.566002
chr1_235146978_235147112,7.794232
chr1_235183936_235184197,11.278648
chr1_23523350_23523682,11.878958
chr1_235243001_235243596,7.617742
chr1_235246558_235246857,15.207793
chr1_235267591_235267744,10.637688
chr1_235460869_235461278,9.536181
chr1_235468552_235468724,11.662955
chr1_235668656_235669018,17.763473
chr1_235805098_235806119,8.560532
chr1_236030835_236031025,16.744657
chr1_236031049_236031919,16.744657
chr1_236080566_236081247,12.940449
chr1_236083263_236083651,7.94033
chr1_236135691_236135959,8.355695
chr1_236150188_236150690,10.807671
chr1_236162583_236163199,5.164477
chr1_236230188_236230739,11.796132
chr1_236579529_236579860,11.18035
chr1_23721090_23721462,3.779949
chr1_23882500_23882866,19.968007
chr1_23888678_23889201,19.968007
chr1_23903714_23904323,7.040208
chr1_23961555_23961694,24.19934
chr1_241638824_241639283,5.8257245
chr1_241696334_241697654,16.020783
chr1_241771916_241772216,11.8067
chr1_241775803_241776227,7.462003
chr1_24229023_24229388,6.5689095
chr1_243428005_243428394,15.863533
chr1_243431437_243431793,11.7445
chr1_243451071_243451374,7.576842
chr1_243487001_243487352,8.875865
chr1_243637125_243637295,10.375364
chr1_244011895_244012034,12.761547
chr1_244215508_244215901,19.877946
chr1_244462616_244463099,8.6213575
chr1_244466323_244466598,7.324191
chr1_244467525_244467677,7.5943830000000005
chr1_244482749_244483387,7.654158
chr1_244486299_244486688,14.942123
chr1_244505125_244505457,10.068853
chr1_244512430_244512879,10.281317
chr1_244517098_244517541,5.634136
chr1_244518180_244518394,5.634136
chr1_244525463_244525578,10.760885
chr1_244763140_244763529,16.151282
chr1_24476382_24476609,15.222072
chr1_244894306_244894456,9.53157
chr1_245082176_245082355,19.959765
chr1_245255337_245255432,10.913597
chr1_246038342_246038749,13.400816
chr1_246316735_246316955,1.920622
chr1_246730569_246731007,15.447902
chr1_246732690_246733040,15.447902
chr1_246751015_246751281,10.776485
chr1_246772310_246772610,10.923883
chr1_246862505_246862699,11.452709
chr1_247093396_247093478,26.74307
chr1_247123303_247123617,9.838916
chr1_24736156_24736250,11.18035
chr1_2478276_2478817,6.787426
chr1_249117788_249118228,14.870491
chr1_249157308_249157673,18.971369
chr1_24970685_24970736,15.807331
chr1_25021969_25022194,10.653904
chr1_2505035_2505361,3.051437
chr1_25051079_25051208,8.712112
chr1_25095502_25095845,6.4879655
chr1_2509702_2510198,7.091901
chr1_25559638_25560067,19.913217
chr1_25566195_25566411,11.772903
chr1_25566618_25566670,11.772903
chr1_2574343_2574764,12.512499
chr1_25942744_25943208,6.895625
chr1_25969249_25969578,9.247205
chr1_26022319_26022793,4.489168
chr1_26201699_26201757,7.858882
chr1_26249033_26249281,9.0541395
chr1_26253326_26253427,4.526274
chr1_26677301_26677628,9.236418
chr1_26827232_26827869,9.732329
chr1_26946837_26947249,16.607026
chr1_26947342_26948198,16.607026
chr1_27024638_27025138,13.987822
chr1_27112764_27112917,24.01924
chr1_27154485_27154771,12.656641
chr1_27175784_27176273,11.084791
chr1_27191386_27191927,11.723075
chr1_27321452_27321840,10.426074
chr1_27691785_27692261,12.051907
chr1_27762936_27763307,13.0381545
chr1_27854575_27854919,10.235453
chr1_27924204_27924421,3.6626
chr1_27935491_27936061,3.6626
chr1_27957478_27958684,10.329913
chr1_27985480_27985709,10.244492
chr1_27985869_27985982,10.244492
chr1_27986111_27986384,10.244492
chr1_28098635_28098880,17.585846
chr1_28189568_28190269,4.673588
chr1_28195628_28196024,8.646137
chr1_28199684_28200598,13.917571
chr1_28318645_28318992,12.030121999999999
chr1_28437098_28437429,9.211083
chr1_28437697_28438098,9.211083
chr1_28439074_28439949,7.449213
chr1_28576012_28576248,10.911159
chr1_29101544_29101853,9.547413
chr1_29214759_29214998,10.459362500000001
chr1_29253461_29253677,10.886607
chr1_29451057_29451462,6.727458
chr1_29504261_29504387,3.454911
chr1_29563709_29564430,17.119685
chr1_31227443_31228328,13.348613
chr1_31251287_31251533,1.898186
chr1_31320336_31320627,4.4588885000000005
chr1_31537719_31538012,18.632677
chr1_31627566_31627958,9.638911
chr1_32015159_32015590,13.542395
chr1_32108020_32108204,21.329014
chr1_32166698_32166999,4.698987
chr1_32180603_32180986,11.619244
chr1_32253647_32254040,20.807012
chr1_32263216_32263220,15.604659
chr1_3229711_3230157,4.488236
chr1_32354934_32355150,9.324865
chr1_32420307_32420572,8.497066
chr1_32421622_32422096,11.808857
chr1_32701561_32701886,5.066096
chr1_32715599_32716062,10.335819
chr1_32732571_32732683,18.98164
chr1_32966228_32966602,19.569446
chr1_33077721_33078012,12.033169
chr1_33220297_33220575,14.678281
chr1_33373602_33373851,1.970199
chr1_33405191_33405597,9.521285
chr1_33438571_33438703,19.289282
chr1_33446816_33447482,10.676271
chr1_33447667_33447707,10.676271
chr1_33448758_33448929,11.376496
chr1_33457914_33458607,4.514597
chr1_33463131_33463490,10.573827
chr1_33463690_33463885,10.573827
chr1_33593963_33594340,18.312499
chr1_33645848_33646140,9.420932
chr1_33804359_33804743,5.86892
chr1_3420761_3421065,6.064736
chr1_3421438_3421558,6.064736
chr1_3459907_3460197,4.824853
chr1_36173458_36173573,3.469611
chr1_36183411_36183689,10.935495
chr1_36555347_36555633,12.771607
chr1_36616485_36616868,11.884083
chr1_36617554_36617914,11.884083
chr1_36626561_36626969,14.103172
chr1_36627717_36628369,14.103172
chr1_36814630_36815106,10.857495
chr1_36839449_36839891,11.649138
chr1_36840093_36840535,11.649138
chr1_36849527_36849580,19.890512
chr1_37937293_37937526,16.969035
chr1_37942874_37943354,16.969035
chr1_37944084_37944971,16.969035
chr1_3817648_3818071,13.602387
chr1_38465723_38465839,15.355943
chr1_38495782_38495936,8.926217
chr1_39193613_39193736,5.322809
chr1_39596184_39596482,12.546927
chr1_39598118_39598362,12.546927
chr1_39598673_39599090,12.546927
chr1_39662647_39663006,10.374977
chr1_39857791_39857995,12.535034
chr1_39874208_39874673,18.668657
chr1_40561233_40561752,14.362354
chr1_40841336_40841595,14.216841
chr1_40851431_40851768,3.432336
chr1_41178788_41178979,12.864385
chr1_41961925_41962146,8.304902
chr1_41981831_41982007,13.357796
chr1_42127851_42128791,7.320588
chr1_42149945_42149960,5.307997
chr1_42192975_42193489,8.630793
chr1_42204198_42204327,4.930874
chr1_42204580_42205516,4.930874
chr1_42217644_42218002,10.601617000000001
chr1_42248889_42249252,11.033353
chr1_42328578_42328878,8.658506
chr1_42356899_42357259,22.577111
chr1_42363874_42364167,15.343732
chr1_42366364_42366624,15.343732
chr1_42385461_42385560,13.002718
chr1_43250353_43250859,12.224615
chr1_43405621_43405821,8.43315
chr1_43406108_43407009,8.43315
chr1_43407355_43407700,8.43315
chr1_43761236_43761355,11.164174
chr1_43839359_43839523,8.703293
chr1_43997843_43998152,10.854023
chr1_44015731_44016125,4.798773
chr1_44176533_44177122,18.229652
chr1_44951424_44951733,8.561877
chr1_45670767_45670868,13.105779
chr1_45738634_45738975,3.7125235
chr1_45860300_45860382,9.936085
chr1_46008399_46008548,8.186355
chr1_46009549_46009894,8.186355
chr1_46010722_46010902,8.186355
chr1_46268583_46268737,23.110744
chr1_46632893_46633236,12.743464
chr1_46712372_46712767,12.944919
chr1_46999025_46999241,7.092534
chr1_47677583_47677805,8.466938
chr1_47690580_47690745,24.14167
chr1_47700901_47701346,7.467249
chr1_47800262_47800514,14.22749
chr1_47910443_47910471,8.230291
chr1_51703075_51703494,21.378218
chr1_51769565_51770027,6.476768
chr1_52110368_52110491,13.384995
chr1_53020482_53020832,18.904367
chr1_54715450_54715803,7.56537
chr1_54778588_54778715,10.193599
chr1_54868582_54868776,13.487881
chr1_54873075_54873515,13.487881
chr1_54953784_54954325,10.68577
chr1_55418708_55418921,8.353756
chr1_55431735_55431939,11.169022
chr1_55678785_55679185,11.528868
chr1_55894779_55895033,7.148912
chr1_56972242_56972492,5.309345500000001
chr1_56974162_56974535,2.14712
chr1_56976994_56977444,2.14712
chr1_56991269_56991531,2.14712
chr1_57042744_57043185,13.237178
chr1_57043287_57044160,13.237178
chr1_57297629_57297838,10.742955
chr1_58898385_58898660,4.264433
chr1_59039624_59039692,14.370135
chr1_59050239_59050578,14.054819
chr1_59083966_59084335,9.615366
chr1_59221049_59221462,12.19466
chr1_59228706_59229186,12.186224
chr1_59229881_59230252,12.186224
chr1_59278592_59278937,12.005933
chr1_59280364_59280505,12.005933
chr1_59280773_59281281,12.005933
chr1_59281510_59281579,12.005933
chr1_59281873_59282217,12.005933
chr1_59347262_59347482,7.625707
chr1_59369049_59370138,11.01813
chr1_59479443_59479773,13.916504
chr1_59537846_59538168,6.477406
chr1_59758328_59758666,7.068587
chr1_60036299_60036428,14.766036
chr1_60062084_60062408,7.166377
chr1_60140214_60140519,4.275186
chr1_60144543_60144796,5.25069
chr1_60172811_60173111,13.39794
chr1_60204406_60204597,2.278927
chr1_60209079_60209290,5.7758905
chr1_6053603_6054107,8.53731
chr1_60598724_60598934,10.365848
chr1_61039424_61039611,6.639267
chr1_61415107_61415301,8.598514
chr1_61522505_61523042,12.703411
chr1_61543611_61543877,20.393173
chr1_61549054_61549253,20.393173
chr1_61649786_61650305,14.504413
chr1_61918819_61919182,6.914722
chr1_62072423_62072573,9.949602
chr1_6221566_6221669,4.771141
chr1_63151036_63151115,11.702184
chr1_6321567_6321961,4.96036
chr1_64197270_64197475,8.017015
chr1_64505281_64505575,4.381488
chr1_65363729_65364057,8.589305
chr1_65364183_65364439,8.589305
chr1_65383044_65383557,15.533414
chr1_65387772_65388547,7.908052
chr1_65398951_65399446,5.902104
chr1_65534177_65534450,16.464812
chr1_65534990_65535126,16.464812
chr1_65731337_65731853,10.901546
chr1_65775838_65775991,12.044694
chr1_65888047_65888596,17.587484
chr1_66277656_66278058,16.91903
chr1_6661008_6661639,18.723852
chr1_66712370_66712790,5.265919
chr1_66728047_66728190,10.138711
chr1_66736293_66736539,10.745677
chr1_66782459_66782839,9.489663
chr1_66793414_66793646,9.241866
chr1_66800202_66800555,9.241866
chr1_66815726_66816360,9.241866
chr1_66817705_66818086,9.241866
chr1_66904732_66904991,9.070495
chr1_66910997_66911424,9.072454
chr1_66930584_66930841,4.653009
chr1_66954948_66955119,8.894512
chr1_67029191_67029437,15.226854
chr1_67029939_67030347,15.226854
chr1_67198280_67198800,5.7606
chr1_68000341_68000585,9.8641445
chr1_68029743_68030232,12.764966
chr1_68084470_68084693,12.880953
chr1_68166463_68166766,4.714992
chr1_68189225_68189635,6.5730795
chr1_68215256_68215932,7.481823
chr1_68257818_68258216,7.717672
chr1_68285768_68286070,4.714992
chr1_68345947_68346247,7.709176
chr1_68354536_68354908,9.4309955
chr1_68640572_68640736,15.562523
chr1_68849988_68850367,9.087199
chr1_70691921_70692281,14.379613
chr1_70877943_70877992,19.724281
chr1_72749220_72749791,23.634492
chr1_72750417_72750888,23.634492
chr1_7359415_7359679,7.690206
chr1_7461964_7462325,11.725304
chr1_7531062_7531540,6.03979
chr1_7551468_7551846,7.896016
chr1_76080205_76080672,9.6129075
chr1_76080988_76081082,9.6129075
chr1_7609389_7609632,11.741318
chr1_76541670_76541922,21.548697
chr1_77230839_77231032,9.916317
chr1_77980165_77980378,7.616301
chr1_78021710_78022056,4.63738
chr1_7843556_7843653,9.77438
chr1_78469106_78469287,9.587421
chr1_78561383_78561632,9.682733
chr1_78567287_78567595,9.911901499999999
chr1_78957462_78957762,13.26896
chr1_8107848_8108157,11.69251
chr1_8121436_8121582,12.170801
chr1_8154517_8154933,14.99878
chr1_8156648_8157003,14.99878
chr1_8157417_8157780,14.99878
chr1_8173446_8173525,7.880594
chr1_8181009_8181247,10.846936
chr1_8194345_8194402,9.683922
chr1_8198088_8198334,12.944655
chr1_82168687_82169067,12.684022
chr1_82268420_82269588,19.093829
chr1_8229904_8230047,8.720475
chr1_8254637_8254907,7.828878
chr1_8257762_8258040,10.359685
chr1_8272041_8272390,13.398673
chr1_8319137_8319616,18.877286
chr1_8445817_8446112,4.56823
chr1_84710038_84710507,9.0923035
chr1_84971050_84971209,20.70322
chr1_85038681_85038996,17.40914
chr1_85320078_85320332,6.71755
chr1_85737728_85738105,19.034755
chr1_85744584_85744829,19.034755
chr1_85779776_85780132,5.397588
chr1_85794698_85795078,8.340642
chr1_85795855_85796291,8.340642
chr1_85796595_85797055,8.340642
chr1_85991291_85991622,2.019507
chr1_86049987_86050100,9.250086
chr1_86072885_86073441,7.312277
chr1_86078461_86078819,10.232115
chr1_87171187_87171726,20.940724
chr1_8720526_8720683,6.892647
chr1_87240012_87240427,9.297862
chr1_87241358_87241518,9.297862
chr1_87253936_87254322,7.186234
chr1_87258759_87259068,10.424547
chr1_87617997_87618150,12.769871
chr1_87689823_87690165,6.735659
chr1_87799623_87799998,15.793565
chr1_87800631_87801610,15.793565
chr1_8933581_8933925,14.008244
chr1_89358212_89358439,20.481954
chr1_89459818_89459853,13.670953
chr1_89594590_89594813,16.922674
chr1_8964053_8964236,10.94607
chr1_89776158_89776579,4.423494
chr1_90101821_90102213,16.395977
chr1_90137741_90138074,4.497764
chr1_90185639_90185820,10.584712
chr1_90189523_90189798,10.584712
chr1_90190139_90190909,10.584712
chr1_90226973_90227143,11.684312
chr1_90309838_90310280,12.146553
chr1_90321378_90321621,9.644988
chr1_90372321_90372729,9.311694
chr1_90374317_90375036,9.311694
chr1_90376424_90376756,9.311694
chr1_91183313_91183764,4.283407
chr1_91185058_91185169,4.283407
chr1_91190991_91191184,4.74194
chr1_92037669_92037899,8.299714
chr1_92048213_92048455,4.997767
chr1_9222919_9223181,11.72391
chr1_9223907_9224260,11.72391
chr1_92269494_92269966,1.75789
chr1_92270160_92270686,1.75789
chr1_92497404_92497581,11.812372
chr1_9271499_9271772,8.63791
chr1_9293549_9293739,9.878734
chr1_93002551_93002867,7.576151
chr1_93003662_93004045,7.576151
chr1_93270252_93270588,13.820551
chr1_93427945_93428408,11.083334
chr1_93914812_93914954,14.64165
chr1_94089710_94089715,7.258202666666667
chr1_94093325_94093611,3.0222415
chr1_94127789_94128026,9.084228
chr1_94158601_94159338,8.015542
chr1_94244939_94245309,11.010218
chr1_94527681_94527931,5.739825
chr1_94532879_94533090,11.473395
chr1_94535371_94535770,11.473395
chr1_94557832_94558157,11.190308
chr1_94701813_94701865,17.785284
chr1_94712051_94712193,17.785284
chr1_94712395_94712617,17.785284
chr1_9473687_9473864,4.176497
chr1_94784984_94785158,13.339061
chr1_94788386_94788592,14.46996
chr1_94792807_94793133,14.46996
chr1_95193393_95193837,5.153728
chr1_95258204_95258621,7.747852
chr1_95331900_95332266,6.9675525
chr1_956563_956812,9.550403
chr1_96827006_96827340,4.822209
chr1_96828119_96828533,4.822209
chr1_98315619_98315765,10.707089
chr1_98366677_98366793,11.660204
chr1_98403373_98403764,7.278263
chr1_98408796_98409171,6.07561
chr1_98494244_98494658,8.46025
chr1_98512823_98513144,13.076853
chr1_98518546_98518920,17.181021
chr1_98677142_98677181,15.10724
chr1_98781999_98782036,6.000894
chr1_98788970_98789228,11.432621
chr1_98789496_98789901,11.432621
