name_E,H4k20me1_E
chr10_3028046_3028193,1.349534
chr10_3078434_3078646,1.349534
chr10_3094057_3094288,1.349534
chr10_3133662_3133717,1.349534
chr10_3137708_3138098,1.349534
chr10_3145163_3145536,1.349534
chr10_3216614_3216797,1.349534
chr10_3283578_3283803,1.349534
chr10_3284966_3285255,1.349534
chr10_3306877_3306999,1.349534
chr10_3782727_3783283,4.263979
chr1_100494312_100494735,1.175141
chr1_100512510_100512716,1.175141
chr1_100820585_100820838,1.15029
chr1_100827551_100827774,1.15029
chr1_100828525_100828922,1.15029
chr1_100858865_100858991,1.15029
chr1_100859593_100859940,1.15029
chr1_100905821_100906168,1.15029
chr1_100911126_100911538,1.15029
chr1_100918231_100918546,1.15029
chr1_100996437_100996829,1.15029
chr1_101000887_101001063,1.15029
chr1_101392986_101393260,1.186362
chr1_101486133_101486158,1.186362
chr1_101577594_101578108,1.186362
chr1_101725356_101725679,1.197568
chr1_101764288_101764549,1.197568
chr1_101774729_101775525,1.197568
chr1_101776223_101776281,1.197568
chr1_10556105_10556527,1.875551
chr1_10557233_10557456,1.875551
chr1_107727626_107727648,1.130385
chr1_108329022_108329589,1.153043
chr1_108338013_108338351,1.153043
chr1_108478082_108478329,1.153043
chr1_108479405_108480123,1.153043
chr1_108483614_108484145,1.153043
chr1_108695322_108695861,1.551615
chr1_108741685_108742156,1.749494
chr1_109104473_109104583,1.594336
chr1_109246671_109246905,1.616889
chr1_109467804_109468470,1.127088
chr1_109515208_109515609,1.127088
chr1_109938897_109939079,1.66131
chr1_110476602_110476703,1.488574
chr1_110537379_110537528,1.488574
chr1_110626726_110627062,1.488574
chr1_110672728_110673048,1.488574
chr1_110694968_110695154,1.488574
chr1_110711375_110711549,1.488574
chr1_110879130_110879445,1.488574
chr1_110927812_110928210,1.488574
chr1_110963862_110964269,1.488574
chr1_110976504_110976901,1.488574
chr1_111053467_111053812,1.488574
chr1_111057770_111058076,1.488574
chr1_111162611_111162919,1.488574
chr1_111163364_111163623,1.488574
chr1_111170436_111170835,1.488574
chr1_111177471_111177854,1.488574
chr1_111178912_111179243,1.488574
chr1_111182665_111183078,1.488574
chr1_111189973_111190443,1.488574
chr1_111211165_111211475,1.488574
chr1_111212876_111213052,1.488574
chr1_111249875_111250151,1.488574
chr1_111329904_111330079,1.488574
chr1_111417124_111417532,1.488574
chr1_111981832_111982198,1.415797
chr1_112013331_112014031,1.415797
chr1_112048437_112048734,1.415797
chr1_112050044_112050594,1.415797
chr1_112058341_112058601,1.415797
chr1_112058803_112059167,1.415797
chr1_112078528_112078792,1.415797
chr1_112135698_112135869,1.415797
chr1_112163412_112163797,1.415797
chr1_112163826_112164071,1.415797
chr1_112196411_112196803,1.415797
chr1_112276731_112276883,1.415797
chr1_112286281_112286588,1.415797
chr1_112291453_112291811,1.415797
chr1_112438367_112438956,1.415797
chr1_113675675_113676049,1.131076
chr1_113683682_113683919,1.131076
chr1_113732794_113733063,1.131076
chr1_113734243_113734639,1.131076
chr1_114326143_114326379,1.581905
chr1_1143531_1144198,1.877095
chr1_115025085_115025405,1.796682
chr1_115052481_115052766,1.796682
chr1_11559549_11559947,1.425748
chr1_115873164_115873576,1.169342
chr1_115968975_115969167,1.169342
chr1_116520279_116520650,1.932022
chr1_116918925_116919548,2.472301
chr1_116920378_116921129,2.472301
chr1_116923407_116923493,2.472301
chr1_117074509_117074935,1.49004
chr1_117080047_117080432,1.49004
chr1_117081238_117081452,1.49004
chr1_117082797_117083071,1.49004
chr1_117129425_117129671,1.507683
chr1_117130518_117130699,1.507683
chr1_117132073_117132239,1.507683
chr1_1173386_1173736,1.877095
chr1_117493512_117493635,1.83596
chr1_11753086_11753651,3.432009
chr1_118185712_118185829,1.551026
chr1_118194205_118194506,1.551026
chr1_118197244_118197521,1.551026
chr1_118197868_118198044,1.551026
chr1_118678137_118678411,1.250471
chr1_118792385_118792801,1.155548
chr1_119401140_119401399,1.168417
chr1_11942925_11943217,1.522202
chr1_119450998_119451282,1.168417
chr1_119503304_119503581,1.168417
chr1_119930597_119930807,1.122703
chr1_120052717_120053071,1.122703
chr1_120255895_120256325,1.983242
chr1_120275491_120275880,1.983242
chr1_12046023_12046196,1.672162
chr1_12050736_12051137,1.672162
chr1_120525502_120525838,1.766577
chr1_120530787_120531205,1.766577
chr1_12210430_12211346,1.531079
chr1_12221931_12222397,1.549835
chr1_12225396_12225718,1.549835
chr1_12227833_12229578,1.549835
chr1_12231693_12231881,1.549835
chr1_12232096_12232448,1.549835
chr1_12233600_12234159,1.549835
chr1_12235070_12235463,1.549835
chr1_12236326_12236421,1.549835
chr1_12237719_12238747,1.549835
chr1_12238984_12239461,1.549835
chr1_12240401_12240902,1.549835
chr1_12406013_12406127,1.540123
chr1_12493313_12493712,1.574216
chr1_12493910_12494304,1.574216
chr1_12609717_12610039,1.497218
chr1_12616547_12616769,1.497218
chr1_142538903_142539547,4.918045
chr1_144533627_144534178,1.763271
chr1_144536201_144536370,1.763271
chr1_144871122_144871347,1.870276
chr1_144908312_144908601,2.145693
chr1_144908806_144909147,2.145693
chr1_144927217_144927550,2.145693
chr1_144986415_144987071,3.249303
chr1_144987154_144987391,3.249303
chr1_144988079_144988414,3.249303
chr1_145009158_145009716,3.249303
chr1_145012331_145013054,3.249303
chr1_145023690_145024549,3.249303
chr1_145042783_145043227,3.249303
chr1_145054975_145055306,3.249303
chr1_145058996_145059322,3.249303
chr1_145064438_145064839,3.249303
chr1_145090155_145090603,3.249303
chr1_145092450_145092883,3.249303
chr1_145113904_145114998,3.249303
chr1_147080043_147080251,1.31172
chr1_147120817_147121145,1.31172
chr1_14843752_14844090,1.124263
chr1_14926383_14926731,1.124263
chr1_149978692_149979077,1.801241
chr1_150949569_150950014,1.67843
chr1_151168297_151168505,1.825815
chr1_151172142_151172526,1.825815
chr1_151172620_151173197,1.825815
chr1_151284018_151284391,1.804706
chr1_151960875_151961433,2.841381
chr1_151961675_151962369,2.841381
chr1_152006910_152007460,3.790053
chr1_15240254_15240560,1.25121
chr1_15335392_15335732,1.25121
chr1_153525322_153525412,1.816322
chr1_153526279_153526545,1.816322
chr1_153541018_153541368,1.816322
chr1_153583449_153583810,1.559032
chr1_153715466_153715694,1.264864
chr1_153716388_153716727,1.264864
chr1_153762591_153763309,1.264864
chr1_153936554_153936861,1.264864
chr1_154154606_154155027,2.867605
chr1_15416988_15417263,1.25121
chr1_154468503_154468634,1.352544
chr1_154579303_154579782,1.352544
chr1_154582047_154582244,1.352544
chr1_154699087_154699216,1.352544
chr1_154724205_154724584,1.352544
chr1_154731745_154732111,1.352544
chr1_154910155_154910399,1.352544
chr1_154978035_154978657,1.594705
chr1_154979104_154979305,1.594705
chr1_15519488_15519688,1.25121
chr1_155283531_155283932,1.985044
chr1_155469100_155469412,2.075854
chr1_155496665_155497012,1.854077
chr1_15570270_15570435,1.25121
chr1_15572643_15572853,1.25121
chr1_15585400_15585822,1.25121
chr1_15585949_15586132,1.25121
chr1_15587144_15587415,1.25121
chr1_155916072_155916212,1.599721
chr1_155944562_155945214,2.257113
chr1_155945743_155946196,2.257113
chr1_155946363_155946660,2.257113
chr1_156089405_156089622,1.828047
chr1_156095033_156095181,1.828047
chr1_156103413_156103690,1.828047
chr1_156118146_156118395,1.828047
chr1_15616896_15617243,1.25121
chr1_156251648_156251762,1.89783
chr1_156468556_156468776,2.210541
chr1_156472693_156472952,2.210541
chr1_156473111_156473378,2.210541
chr1_156474686_156475018,2.210541
chr1_156629760_156630406,2.037789
chr1_156774360_156774606,1.801553
chr1_156805999_156806129,1.896864
chr1_156895977_156896091,1.79134
chr1_157082632_157083078,1.775912
chr1_157106691_157107326,1.775912
chr1_157111103_157111381,1.775912
chr1_157112029_157112315,1.775912
chr1_157964633_157965029,1.943005
chr1_158370656_158370973,1.195774
chr1_158462836_158463187,1.195774
chr1_158659017_158659128,1.195774
chr1_158770439_158770629,1.195774
chr1_158771335_158771743,1.195774
chr1_158779760_158780042,1.195774
chr1_158788454_158788632,1.195774
chr1_158789355_158789655,1.195774
chr1_159142876_159143043,1.786033
chr1_159158093_159158524,1.786033
chr1_15946733_15946892,1.849331
chr1_159798443_159799254,1.266519
chr1_159819832_159820037,1.266519
chr1_159851477_159851987,1.266519
chr1_159859603_159860031,1.266519
chr1_159880076_159880706,1.266519
chr1_159892447_159892988,2.951177
chr1_159907968_159908165,1.266519
chr1_159910997_159911192,1.266519
chr1_159914077_159914586,1.266519
chr1_159961374_159961617,1.266519
chr1_160056214_160056779,1.266519
chr1_160072097_160072234,1.266519
chr1_160087563_160087915,1.266519
chr1_160182240_160182579,1.266519
chr1_160202735_160202981,1.266519
chr1_160316870_160317108,1.266519
chr1_160332348_160332525,1.266519
chr1_160345693_160345986,1.266519
chr1_160377718_160378261,1.266519
chr1_160402251_160402521,1.266519
chr1_160407857_160407975,1.266519
chr1_160444087_160444465,1.266519
chr1_160510042_160510238,1.151838
chr1_160530737_160530863,1.151838
chr1_160537909_160538272,1.151838
chr1_160544770_160545265,1.151838
chr1_160546217_160546501,1.151838
chr1_160546747_160547109,1.151838
chr1_160592866_160593252,1.151838
chr1_160615019_160615411,1.151838
chr1_160627101_160627476,1.151838
chr1_160674845_160675222,1.151838
chr1_160677742_160679048,1.151838
chr1_160680775_160680900,1.151838
chr1_160682568_160682866,1.151838
chr1_160684087_160684458,1.151838
chr1_160807359_160807588,1.6832855
chr1_161706477_161706712,1.286418
chr1_161709776_161710006,1.286418
chr1_161973588_161973892,1.286418
chr1_161991847_161991976,1.286418
chr1_161996651_161996978,1.286418
chr1_161998457_161998829,1.286418
chr1_16212759_16213091,2.2852
chr1_162370681_162370944,1.286418
chr1_162377799_162377882,1.286418
chr1_162458137_162458480,1.162444
chr1_162508612_162508929,1.162444
chr1_162511455_162511984,1.162444
chr1_162518132_162518252,1.162444
chr1_162539981_162540420,1.162444
chr1_162599583_162599804,1.162444
chr1_162603017_162603226,1.162444
chr1_162659800_162660152,1.162444
chr1_162709795_162709973,1.162444
chr1_16442572_16442804,2.964969
chr1_16478939_16479163,2.964969
chr1_16479299_16479465,2.964969
chr1_165204752_165205122,1.578428
chr1_165205285_165205518,1.578428
chr1_165797615_165798367,3.07118
chr1_165823413_165823808,3.07118
chr1_165868061_165868423,3.07118
chr1_16677236_16677843,4.764877
chr1_166828089_166828463,1.253386
chr1_166954369_166954473,1.253386
chr1_166989020_166989359,1.253386
chr1_167313306_167313474,1.167819
chr1_167397572_167397954,1.167819
chr1_167398939_167399085,1.167819
chr1_167416331_167416548,1.167819
chr1_167416859_167417570,1.167819
chr1_167419889_167420655,1.167819
chr1_167423404_167424221,1.167819
chr1_167424728_167425462,1.167819
chr1_167425853_167426232,1.167819
chr1_167434195_167434584,1.167819
chr1_167438624_167439122,1.167819
chr1_167440766_167441089,1.167819
chr1_167442775_167443139,1.167819
chr1_167452876_167453237,1.167819
chr1_167453750_167454075,1.167819
chr1_167458424_167459120,1.167819
chr1_167461792_167462175,1.167819
chr1_167469090_167469185,1.167819
chr1_167469653_167470005,1.167819
chr1_167478725_167479215,1.167819
chr1_167480005_167480498,1.167819
chr1_167485764_167486128,1.167819
chr1_167486210_167486705,1.167819
chr1_167518258_167518508,1.167819
chr1_167520671_167521013,1.167819
chr1_167730247_167730494,2.058105
chr1_167954240_167954407,1.153984
chr1_168050664_168051125,1.153984
chr1_168338134_168338331,1.544129
chr1_169540812_169540977,1.173583
chr1_169553917_169554291,1.173583
chr1_169661915_169662500,1.173583
chr1_169860308_169860488,1.13847
chr1_169884881_169885211,1.13847
chr1_169886878_169886942,1.13847
chr1_17019394_17019738,2.354807
chr1_17023723_17023998,2.354807
chr1_17027024_17027386,2.354807
chr1_1714020_1714715,2.98609
chr1_17231253_17231704,1.209166
chr1_17254357_17254559,1.209166
chr1_172715484_172715760,1.874036
chr1_173447359_173447668,1.565883
chr1_17387354_17387523,1.209166
chr1_173984193_173984403,1.775711
chr1_17411505_17411663,1.209166
chr1_17417123_17417163,1.209166
chr1_17425016_17425355,1.209166
chr1_174937322_174937525,1.548432
chr1_175145439_175145838,2.404123
chr1_175158150_175158288,2.404123
chr1_175160901_175161109,2.404123
chr1_175310296_175310302,1.450071
chr1_175548819_175548945,1.450071
chr1_175568488_175568642,1.450071
chr1_176174471_176174980,1.261713
chr1_176244494_176244887,1.261713
chr1_176501841_176501939,1.299834
chr1_176599377_176599591,1.299834
chr1_176601179_176601401,1.299834
chr1_176750451_176750537,1.299834
chr1_176964272_176964382,1.299834
chr1_177146488_177146831,1.299834
chr1_177150553_177151051,1.299834
chr1_177178348_177178736,1.299834
chr1_1772108_1772256,2.98609
chr1_177216889_177217021,1.299834
chr1_178252303_178252477,1.24883
chr1_178305054_178305336,1.24883
chr1_178414274_178414285,1.24883
chr1_178509347_178509739,1.24883
chr1_179110934_179111289,1.830403
chr1_1793829_1793862,2.98609
chr1_179555221_179555646,1.536136
chr1_17956441_17957463,1.63531
chr1_17962245_17962730,1.63531
chr1_180200315_180200683,2.236811
chr1_180895607_180895967,1.577855
chr1_181060502_181060611,4.794446
chr1_181451162_181451821,1.293262
chr1_181454376_181454805,1.293262
chr1_1814762_1815124,2.98609
chr1_182363463_182363693,2.448922
chr1_182643740_182644063,1.869204
chr1_182998797_182999044,2.374698
chr1_183161027_183161375,2.469294
chr1_183171353_183171815,2.469294
chr1_183191719_183192016,2.469294
chr1_183762956_183763089,1.193349
chr1_183776671_183777014,1.193349
chr1_183811794_183811833,1.193349
chr1_183836661_183836955,1.193349
chr1_183846576_183846867,1.193349
chr1_183855028_183855346,1.193349
chr1_183861530_183861762,1.193349
chr1_183865521_183866190,1.193349
chr1_183877295_183877615,1.193349
chr1_183880519_183880826,1.193349
chr1_183926817_183926936,1.193349
chr1_183936673_183936825,1.193349
chr1_184005350_184005919,1.193349
chr1_184033703_184034036,1.193349
chr1_184123506_184123811,1.193349
chr1_184129300_184129941,1.193349
chr1_184130086_184130836,1.193349
chr1_184132883_184133080,1.193349
chr1_184265554_184265938,1.193349
chr1_184357629_184357933,1.193349
chr1_184475712_184475981,1.193349
chr1_184773428_184773803,1.21886
chr1_184809721_184810151,1.21886
chr1_184812869_184813180,1.21886
chr1_184828541_184828899,1.21886
chr1_184836042_184836526,1.21886
chr1_184922808_184923031,1.21886
chr1_184924828_184925180,1.21886
chr1_185109809_185110137,1.21886
chr1_185127324_185127657,1.21886
chr1_185253692_185254037,2.00401
chr1_186943840_186944382,1.147225
chr1_186947742_186948198,1.147225
chr1_186975833_186976078,1.147225
chr1_190157636_190157874,1.188425
chr1_192216449_192216576,1.175618
chr1_192446152_192446393,1.175618
chr1_192458942_192459176,1.175618
chr1_192481549_192481949,1.118146
chr1_192485848_192486563,1.118146
chr1_192487767_192488105,1.118146
chr1_19248887_19249092,3.40858
chr1_192490879_192491144,1.118146
chr1_192500254_192500504,1.118146
chr1_192505450_192505712,1.118146
chr1_192514282_192514417,1.118146
chr1_192519890_192520690,1.118146
chr1_192521878_192522349,1.118146
chr1_192524105_192524371,1.118146
chr1_192542752_192542937,1.118146
chr1_192543300_192543508,1.118146
chr1_192549613_192549895,1.118146
chr1_192574180_192574494,1.118146
chr1_192578246_192578789,1.118146
chr1_192597587_192597787,1.118146
chr1_192608900_192609547,1.118146
chr1_19280139_19280583,4.152221
chr1_192914637_192914772,1.239453
chr1_192921207_192921501,1.239453
chr1_192953303_192953614,1.239453
chr1_193180704_193180924,1.239453
chr1_193226500_193227132,1.239453
chr1_193284093_193284405,1.239453
chr1_193427775_193428193,1.21326
chr1_193448401_193448721,1.21326
chr1_193509739_193509943,1.21326
chr1_193583968_193584211,1.21326
chr1_193604725_193604914,1.21326
chr1_193647067_193647431,1.21326
chr1_193655157_193655512,1.21326
chr1_1952050_1952360,1.824147
chr1_196379497_196379989,1.212942
chr1_197238259_197238430,1.186499
chr1_197482296_197482309,1.186499
chr1_197513718_197513772,1.186499
chr1_19762527_19762798,3.112167
chr1_19778785_19779174,3.112167
chr1_19794978_19795283,3.112167
chr1_19803336_19803680,3.112167
chr1_19803913_19804113,3.112167
chr1_19804974_19805167,3.112167
chr1_198850238_198850638,1.135998
chr1_198887897_198888318,1.135998
chr1_198889384_198889935,1.135998
chr1_198893258_198893473,1.135998
chr1_198898987_198899513,1.135998
chr1_198901469_198901869,1.135998
chr1_198903935_198904934,1.135998
chr1_198979759_198979985,1.135998
chr1_198989111_198989545,1.135998
chr1_19926811_19926972,2.161432
chr1_200076437_200076447,1.209565
chr1_200122559_200122752,1.209565
chr1_200783735_200784105,1.90931
chr1_200849437_200849683,1.90931
chr1_200865264_200865418,1.637697
chr1_200865457_200866265,1.637697
chr1_201277329_201277484,1.580035
chr1_201280694_201280963,1.580035
chr1_201295169_201295564,1.580035
chr1_201366439_201366550,2.176222
chr1_201463619_201463933,1.860992
chr1_201472589_201472996,1.860992
chr1_201572031_201572237,1.990248
chr1_201605860_201605966,1.895214
chr1_201619383_201619798,1.602043
chr1_201639932_201640262,1.602043
chr1_20204786_20204981,1.965901
chr1_202055098_202055409,1.256799
chr1_202075010_202075191,1.256799
chr1_202077636_202077876,1.256799
chr1_202131734_202131905,1.256799
chr1_202132024_202132258,1.256799
chr1_202161674_202161898,1.256799
chr1_202217450_202217807,1.256799
chr1_204238647_204239007,1.556999
chr1_204531285_204531644,1.815917
chr1_204641549_204641837,1.675215
chr1_204653343_204653636,1.675215
chr1_204694395_204694507,1.761949
chr1_204961641_204962301,1.634778
chr1_204976101_204976640,1.634778
chr1_205016149_205016268,1.66442
chr1_205017484_205017845,1.66442
chr1_205283024_205283394,1.867779
chr1_205288770_205288915,1.867779
chr1_205410224_205410578,1.845642
chr1_205709805_205710150,1.896176
chr1_206642854_206643037,1.858276
chr1_206725353_206725581,1.611415
chr1_206748515_206748888,1.611415
chr1_206748926_206749451,1.611415
chr1_206751685_206751882,1.611415
chr1_206754982_206755508,1.611415
chr1_206763465_206763687,1.611415
chr1_206859136_206859493,2.795382
chr1_206859748_206860259,2.795382
chr1_206897147_206897463,2.795382
chr1_206910483_206910789,2.795382
chr1_206918122_206918360,2.795382
chr1_20693127_20693202,1.162943
chr1_207598053_207598267,1.56649
chr1_207671434_207671825,1.583825
chr1_20780827_20780970,1.162943
chr1_207997315_207997832,1.323659
chr1_207999163_207999611,1.323659
chr1_208021631_208021781,1.323659
chr1_208028503_208028730,1.323659
chr1_20806851_20807214,1.162943
chr1_208085821_208086214,1.323659
chr1_208115711_208115874,1.323659
chr1_208267767_208267971,1.323659
chr1_2082729_2083012,1.559214
chr1_208335369_208335711,1.323659
chr1_208339104_208339123,1.323659
chr1_208377298_208378003,1.323659
chr1_208412497_208412696,1.323659
chr1_208418631_208418859,1.323659
chr1_208441052_208441403,1.323659
chr1_208670997_208671177,1.323659
chr1_208711842_208712367,1.323659
chr1_20881978_20882230,1.901808
chr1_209806744_209806957,4.839094
chr1_209820544_209820823,4.839094
chr1_209822403_209823008,4.839094
chr1_209827285_209827712,4.839094
chr1_209828801_209829023,4.839094
chr1_209829183_209829498,4.839094
chr1_209830400_209831026,4.839094
chr1_209831470_209831550,4.839094
chr1_209832170_209832305,4.839094
chr1_209978699_209978810,2.623989
chr1_210505670_210505997,1.329426
chr1_210567003_210567330,1.329426
chr1_210710406_210710636,1.329426
chr1_211035320_211035533,1.329426
chr1_211662962_211663302,1.157381
chr1_211688648_211688771,1.157381
chr1_211712804_211713120,1.157381
chr1_211753366_211753524,1.157381
chr1_211780151_211780642,1.157381
chr1_211823764_211823781,1.157381
chr1_211912030_211912428,1.157381
chr1_211988342_211989080,1.157381
chr1_212256975_212257253,1.269055
chr1_212261904_212262125,1.269055
chr1_212291571_212291809,1.269055
chr1_212311960_212312104,1.269055
chr1_212429433_212429795,1.195618
chr1_212458080_212458253,1.195618
chr1_212513330_212513719,1.195618
chr1_212643548_212643711,1.195618
chr1_212769584_212769966,1.212125
chr1_212808477_212808830,1.212125
chr1_212808992_212809268,1.212125
chr1_212809966_212810356,1.212125
chr1_212840606_212841015,1.212125
chr1_212841280_212841455,1.212125
chr1_212844659_212845312,1.212125
chr1_212854473_212854873,1.212125
chr1_212855380_212855525,1.212125
chr1_212856011_212856573,1.212125
chr1_212862785_212863120,1.212125
chr1_213090277_213090696,1.123178
chr1_213101984_213102303,1.123178
chr1_213152730_213153023,1.123178
chr1_213160414_213160619,1.123178
chr1_21348947_21349299,1.625638
chr1_21349725_21349786,1.625638
chr1_213500745_213500914,1.241119
chr1_213545455_213545863,1.241119
chr1_214157858_214157941,1.684435
chr1_214162828_214163073,1.684435
chr1_215741534_215741966,1.197687
chr1_2162325_2162996,2.606818
chr1_216550404_216550614,1.197687
chr1_21663991_21664182,1.586218
chr1_21664400_21664833,1.586218
chr1_21664947_21665143,1.586218
chr1_216774004_216774285,1.197687
chr1_216826283_216826325,1.197687
chr1_2171824_2171946,2.606818
chr1_2172142_2172385,2.606818
chr1_217308487_217308861,1.145496
chr1_2177615_2177829,2.606818
chr1_218382752_218383112,1.209375
chr1_218523725_218524123,1.209375
chr1_218550674_218551089,1.209375
chr1_218633382_218633612,1.209375
chr1_218636802_218637167,1.209375
chr1_2190530_2190674,2.606818
chr1_219497639_219497836,1.355866
chr1_219498496_219498646,1.355866
chr1_219547203_219547495,1.355866
chr1_21965161_21965473,1.849677
chr1_219728784_219728936,1.355866
chr1_220189685_220189943,1.268776
chr1_220393257_220393560,1.268776
chr1_220427006_220427444,1.268776
chr1_220865094_220865145,1.13781
chr1_220868801_220868862,1.13781
chr1_221049992_221050390,1.208287
chr1_221050798_221050949,1.208287
chr1_221101727_221102029,1.208287
chr1_221130660_221131042,1.208287
chr1_221135331_221135824,1.208287
chr1_221143804_221143903,1.208287
chr1_221173730_221174353,1.208287
chr1_221175115_221175231,1.208287
chr1_221209079_221209530,1.208287
chr1_221247820_221248047,1.158161
chr1_221270955_221271464,1.158161
chr1_221271745_221272272,1.158161
chr1_221272384_221272740,1.158161
chr1_221273966_221274169,1.158161
chr1_221340978_221341184,1.158161
chr1_221877654_221878134,2.111564
chr1_221881394_221881826,2.111564
chr1_221882292_221882723,2.111564
chr1_221887766_221888016,2.111564
chr1_221899063_221899285,2.111564
chr1_221913881_221914483,2.111564
chr1_221916049_221916599,2.111564
chr1_2221868_2222548,1.813531
chr1_22231370_22231630,1.995894
chr1_22232811_22232851,1.995894
chr1_22235836_22236001,1.995894
chr1_222814663_222814910,1.152741
chr1_222828361_222828786,1.152741
chr1_2230678_2230895,1.813531
chr1_223095586_223095912,1.179688
chr1_223147896_223148076,1.179688
chr1_2231691_2232185,1.813531
chr1_2232428_2232896,1.813531
chr1_223901276_223901546,2.334486
chr1_223903033_223903347,2.334486
chr1_223904365_223904567,2.334486
chr1_223914239_223914747,2.334486
chr1_223964690_223965055,2.334486
chr1_224014874_224015267,1.706913
chr1_224019430_224020596,1.706913
chr1_224023477_224023773,1.706913
chr1_224032316_224032686,1.706913
chr1_224545542_224546006,1.211768
chr1_224598124_224598418,1.211768
chr1_224635065_224635439,1.211768
chr1_2246556_2246763,1.813531
chr1_22467332_22467678,2.938141
chr1_224685994_224686507,1.211768
chr1_224811590_224812043,1.809443
chr1_2253622_2253773,1.813531
chr1_2254081_2254230,1.813531
chr1_225613143_225613456,1.25714
chr1_225642606_225642805,1.25714
chr1_225654906_225655584,1.25714
chr1_225778250_225778416,1.25714
chr1_225780677_225780772,1.25714
chr1_225845408_225845613,1.25714
chr1_225881856_225882162,1.25714
chr1_226063760_226064118,2.250669
chr1_22611972_22612241,1.619543
chr1_226737265_226737393,1.247598
chr1_226815517_226815910,1.247598
chr1_226839418_226839818,1.247598
chr1_226841173_226841776,1.247598
chr1_226841860_226842030,1.247598
chr1_226842095_226842563,1.247598
chr1_226842752_226843521,1.247598
chr1_226848307_226848509,1.247598
chr1_226849753_226849884,1.247598
chr1_226852222_226852636,1.247598
chr1_226864749_226865297,1.247598
chr1_226866232_226866788,1.247598
chr1_226867069_226867278,1.247598
chr1_226867580_226868182,1.247598
chr1_226870398_226870999,1.247598
chr1_226875915_226876346,1.247598
chr1_226876730_226876990,1.247598
chr1_226878935_226879345,1.247598
chr1_226884834_226885233,1.247598
chr1_226890098_226890374,1.247598
chr1_226890865_226891416,1.247598
chr1_226896121_226896509,1.247598
chr1_226911425_226911742,1.247598
chr1_226927547_226927740,1.247598
chr1_226997737_226998213,1.247598
chr1_227002760_227003096,1.247598
chr1_227009018_227009221,1.247598
chr1_227128899_227129131,1.273912
chr1_227405146_227405174,1.273912
chr1_227936688_227936978,1.8023
chr1_227953974_227954299,1.8023
chr1_228273480_228273740,4.300973
chr1_228338299_228338457,2.423491
chr1_22836447_22836690,1.760027
chr1_228398942_228399222,1.54168
chr1_22863291_22863389,1.760027
chr1_228917012_228917506,1.753454
chr1_228945464_228945740,1.886844
chr1_228972324_228972426,2.046788
chr1_228973832_228974198,2.046788
chr1_229074291_229074557,1.881083
chr1_229125950_229125993,1.541302
chr1_229131021_229131272,1.541302
chr1_229196056_229196102,1.582867
chr1_229206013_229206222,1.582867
chr1_229341143_229341392,1.814057
chr1_229357329_229357959,3.671281
chr1_229570562_229570652,2.068742
chr1_229690998_229691240,1.807186
chr1_23003504_23003620,1.760027
chr1_230220475_230220731,1.77809
chr1_230240540_230240902,2.150517
chr1_230241590_230241986,2.150517
chr1_230248068_230248475,2.150517
chr1_230249347_230250007,2.150517
chr1_230258907_230259286,2.150517
chr1_230279464_230279771,2.150517
chr1_230282048_230282189,2.150517
chr1_230289705_230290142,2.150517
chr1_230407650_230408034,2.150517
chr1_230559819_230560264,1.962029
chr1_230631666_230631872,1.675945
chr1_230643766_230644066,1.675945
chr1_230645276_230645765,1.675945
chr1_230692328_230692442,1.918522
chr1_231113054_231113423,1.601034
chr1_231229348_231229373,1.511976
chr1_232454898_232455086,1.225366
chr1_232714427_232714703,1.225366
chr1_232725638_232725888,1.225366
chr1_232726496_232726761,1.225366
chr1_232746522_232746891,1.225366
chr1_233750790_233751092,1.244976
chr1_233763307_233763375,1.244976
chr1_23387479_23387794,1.77525
chr1_234001133_234001179,1.244976
chr1_234151091_234151471,1.244976
chr1_234163168_234163347,1.244976
chr1_23426690_23427100,1.77525
chr1_234275805_234276023,1.244976
chr1_23429944_23430077,1.77525
chr1_234450953_234451201,1.244976
chr1_234914073_234914641,4.897396
chr1_234918221_234918587,4.897396
chr1_235267591_235267744,2.111386
chr1_235460869_235461278,1.933463
chr1_235468552_235468724,1.933463
chr1_235668656_235669018,1.535163
chr1_236022018_236022676,1.153993
chr1_236022682_236022818,1.153993
chr1_236025805_236026204,1.153993
chr1_236026265_236026446,1.153993
chr1_236026992_236027471,1.153993
chr1_236030835_236031025,1.153993
chr1_236031049_236031919,1.153993
chr1_236698906_236699167,1.175916
chr1_237206585_237207004,3.211205
chr1_2406489_2406881,2.768666
chr1_241441480_241441685,1.128485
chr1_241469731_241469956,1.128485
chr1_242609605_242610011,1.897736
chr1_242627058_242627162,1.897736
chr1_243487001_243487352,1.182049
chr1_243585242_243585384,1.182049
chr1_243637125_243637295,1.182049
chr1_243641103_243641443,1.182049
chr1_243644284_243644683,1.182049
chr1_243894639_243895081,1.146705
chr1_244011895_244012034,1.206947
chr1_244215508_244215901,1.206947
chr1_246035151_246035554,1.147722
chr1_246038342_246038749,1.147722
chr1_246061196_246061440,1.147722
chr1_247035132_247035504,1.726612
chr1_247093396_247093478,1.726612
chr1_249117788_249118228,1.521587
chr1_24970685_24970736,2.01228
chr1_25095502_25095845,1.859208
chr1_25251631_25252076,1.577674
chr1_25252124_25252306,1.577674
chr1_25344029_25344296,1.582382
chr1_25345809_25346202,1.582382
chr1_25348659_25349200,1.582382
chr1_25802039_25802147,1.2412
chr1_25942744_25943208,1.2412
chr1_25969249_25969578,1.2412
chr1_26022319_26022793,1.2412
chr1_26081315_26081453,1.2412
chr1_26101389_26101767,1.2412
chr1_26201699_26201757,1.2412
chr1_26613887_26614371,1.916214
chr1_26615016_26615421,1.916214
chr1_27024638_27025138,6.505428500000001
chr1_27154485_27154771,1.687759
chr1_27154983_27155478,1.687759
chr1_27160002_27160387,1.687759
chr1_27462835_27462988,2.777187
chr1_27691785_27692261,1.693668
chr1_27762936_27763307,1.975798
chr1_27775351_27775365,1.975798
chr1_27890194_27890387,2.491835
chr1_27916292_27916674,2.491835
chr1_27924204_27924421,2.491835
chr1_27935491_27936061,2.491835
chr1_28318645_28318992,1.519886
chr1_29101544_29101853,2.883239
chr1_29504261_29504387,6.8509085
chr1_29563709_29564430,1.696315
chr1_29565515_29565732,1.696315
chr1_29565762_29566055,1.696315
chr1_31401933_31402089,3.008929
chr1_31537719_31538012,3.008929
chr1_32108020_32108204,1.994627
chr1_32180603_32180986,1.818851
chr1_32405536_32405898,2.604946
chr1_3290271_3290590,1.280127
chr1_3309990_3310261,1.280127
chr1_33405191_33405597,1.841043
chr1_33645848_33646140,1.831572
chr1_3374928_3375314,1.280127
chr1_33804359_33804743,1.300441
chr1_33829513_33829825,1.300441
chr1_33926622_33926854,1.300441
chr1_3420761_3421065,1.280127
chr1_3421438_3421558,1.280127
chr1_3459907_3460197,1.280127
chr1_3463934_3464260,1.280127
chr1_35294449_35294485,1.273895
chr1_35389087_35389416,1.273895
chr1_3581269_3581645,1.280127
chr1_3594206_3594277,1.280127
chr1_3620035_3620325,1.280127
chr1_3634737_3634863,1.280127
chr1_36489072_36489418,1.17764
chr1_36626561_36626969,1.719081
chr1_36627717_36628369,1.719081
chr1_36641160_36641451,1.719081
chr1_36825493_36825742,1.703006
chr1_36839449_36839891,1.703006
chr1_36840093_36840535,1.703006
chr1_36849527_36849580,1.703006
chr1_37169397_37169618,1.528145
chr1_37721552_37721986,1.501802
chr1_37784198_37784531,1.87777
chr1_37937293_37937526,1.649296
chr1_37942874_37943354,1.649296
chr1_37944084_37944971,1.649296
chr1_3817648_3818071,1.280127
chr1_38311465_38311868,2.081024
chr1_38317043_38317898,2.081024
chr1_38465723_38465839,1.352759
chr1_38471999_38472226,1.352759
chr1_38495782_38495936,1.352759
chr1_38591881_38592061,1.352759
chr1_38948025_38948274,1.352759
chr1_38958971_38959191,1.352759
chr1_39193613_39193736,1.352759
chr1_39286039_39286251,1.352759
chr1_39357087_39357474,1.352759
chr1_39596184_39596482,1.994005
chr1_39598118_39598362,1.994005
chr1_39874208_39874673,2.078172
chr1_40006104_40006751,1.839821
chr1_40426190_40426638,1.608532
chr1_40848967_40849502,1.724064
chr1_40851431_40851768,1.724064
chr1_40860574_40860824,1.833973
chr1_41116840_41117088,1.178153
chr1_41120137_41120355,1.178153
chr1_41164800_41165075,1.178153
chr1_41178788_41178979,1.178153
chr1_41501440_41501773,2.011207
chr1_41501908_41501999,2.011207
chr1_41650800_41651168,1.638639
chr1_41825927_41826139,1.687679
chr1_41831444_41831806,1.687679
chr1_41981831_41982007,1.621403
chr1_42192975_42193489,1.627133
chr1_42204198_42204327,1.627133
chr1_42204580_42205516,1.627133
chr1_42206832_42207209,1.627133
chr1_42512214_42512486,1.412439
chr1_42774668_42774801,1.412439
chr1_42934748_42935131,1.412439
chr1_43400932_43401203,2.507096
chr1_43402214_43402581,2.507096
chr1_43402778_43403133,2.507096
chr1_43405621_43405821,2.507096
chr1_43406108_43407009,2.507096
chr1_43407355_43407700,2.507096
chr1_43426742_43427095,2.507096
chr1_43427522_43427762,2.507096
chr1_43428386_43429108,2.507096
chr1_43429290_43429917,2.507096
chr1_43997843_43998152,2.285499
chr1_44419838_44419961,1.870851
chr1_44428103_44428423,1.870851
chr1_44692988_44693156,1.365742
chr1_44703858_44704161,1.365742
chr1_44941668_44941887,1.365742
chr1_44951424_44951733,1.365742
chr1_44973431_44973656,1.365742
chr1_44984751_44985020,1.365742
chr1_45057924_45058133,1.148287
chr1_45083225_45083530,1.148287
chr1_45085192_45085548,1.148287
chr1_45195062_45195154,1.148287
chr1_45670767_45670868,1.865368
chr1_46111666_46112048,1.972329
chr1_46986321_46986408,1.65568
chr1_46999025_46999241,1.65568
chr1_47690580_47690745,1.736848
chr1_47700901_47701346,1.736848
chr1_47910443_47910471,1.32067
chr1_48224075_48224507,1.32067
chr1_48484635_48484856,1.32067
chr1_48515615_48515747,1.32067
chr1_48539473_48539610,1.32067
chr1_48539948_48540140,1.32067
chr1_48710829_48711034,1.32067
chr1_49032892_49033158,1.242673
chr1_49038282_49038602,1.242673
chr1_49317577_49317713,1.242673
chr1_50619908_50620155,1.267611
chr1_50763281_50763486,1.267611
chr1_51245588_51245972,1.591826
chr1_51312022_51312165,1.651526
chr1_51703075_51703494,1.618154
chr1_52110368_52110491,1.265258
chr1_52132018_52132585,1.265258
chr1_52173889_52173954,1.265258
chr1_53020482_53020832,1.169585
chr1_53588397_53588520,1.544409
chr1_53589395_53589613,1.544409
chr1_53875866_53875973,1.569013
chr1_54586706_54586840,1.536616
chr1_54695028_54695502,1.648562
chr1_54696817_54697014,1.648562
chr1_54713635_54713793,1.616084
chr1_54715450_54715803,1.616084
chr1_54739679_54739787,1.616084
chr1_54744858_54745090,1.616084
chr1_54868582_54868776,1.693204
chr1_54873075_54873515,1.693204
chr1_55340144_55340359,2.945568
chr1_55678785_55679185,1.826151
chr1_56680724_56680992,1.151904
chr1_56771744_56771759,1.151904
chr1_56972242_56972492,1.155524
chr1_56974162_56974535,1.155524
chr1_56976994_56977444,1.155524
chr1_56991269_56991531,1.155524
chr1_57297629_57297838,1.256654
chr1_57376305_57376674,1.256654
chr1_57472428_57472552,1.256654
chr1_57482949_57483134,1.256654
chr1_57637811_57637946,1.256654
chr1_57746875_57747249,1.256654
chr1_57854194_57854446,1.256654
chr1_57906316_57906442,1.256654
chr1_57923576_57923755,1.256654
chr1_57948146_57948309,1.256654
chr1_57988271_57988573,1.256654
chr1_58002362_58002542,1.256654
chr1_58018702_58018981,1.256654
chr1_58898385_58898660,1.246881
chr1_58969564_58969575,1.246881
chr1_59039624_59039692,1.814213
chr1_6053603_6054107,1.497946
chr1_6054896_6055025,1.497946
chr1_60598724_60598934,1.260772
chr1_6088225_6088518,1.497946
chr1_61369297_61369400,1.175932
chr1_61415107_61415301,1.175932
chr1_61478973_61479215,1.175932
chr1_61522505_61523042,1.262066
chr1_61543611_61543877,1.262066
chr1_61549054_61549253,1.262066
chr1_61649786_61650305,1.262066
chr1_61768031_61768305,1.262066
chr1_6221566_6221669,1.497946
chr1_6230950_6231173,1.497946
chr1_62605206_62605403,1.203001
chr1_62948948_62949316,1.14679
chr1_63151036_63151115,1.14679
chr1_6321567_6321961,1.497946
chr1_6336471_6336830,1.497946
chr1_6341896_6342142,1.497946
chr1_63488706_63488724,1.225444
chr1_6350184_6350543,1.497946
chr1_6351007_6351537,1.497946
chr1_6354110_6354322,1.497946
chr1_6359789_6360186,1.497946
chr1_6360191_6360625,1.497946
chr1_6362597_6362955,1.497946
chr1_6373523_6373899,1.497946
chr1_65363729_65364057,1.278322
chr1_65364183_65364439,1.278322
chr1_65381647_65381826,1.278322
chr1_65383044_65383557,1.278322
chr1_65387772_65388547,1.278322
chr1_65398951_65399446,1.278322
chr1_65534177_65534450,1.249636
chr1_65534990_65535126,1.249636
chr1_65548895_65549334,1.249636
chr1_65549780_65550082,1.249636
chr1_65553179_65553575,1.249636
chr1_65558428_65558742,1.249636
chr1_6566323_6566594,1.550786
chr1_65731337_65731853,1.249636
chr1_65758796_65759173,1.249636
chr1_65775838_65775991,1.249636
chr1_65888047_65888596,1.249636
chr1_66277656_66278058,1.241035
chr1_66537394_66537579,1.241035
chr1_6661008_6661639,3.120926
chr1_66712370_66712790,1.241035
chr1_66714465_66714786,1.241035
chr1_66716160_66716649,1.241035
chr1_66717339_66717678,1.241035
chr1_66728047_66728190,1.241035
chr1_66736293_66736539,1.241035
chr1_66741251_66741559,1.241035
chr1_66747978_66748387,1.241035
chr1_66778961_66779513,1.241035
chr1_66782459_66782839,1.241035
chr1_66793414_66793646,1.241035
chr1_66800202_66800555,1.241035
chr1_66815726_66816360,1.241035
chr1_66817705_66818086,1.241035
chr1_66850101_66850481,1.241035
chr1_66854721_66854978,1.241035
chr1_66859299_66859884,1.241035
chr1_66862032_66862547,1.241035
chr1_66862994_66863164,1.241035
chr1_66863786_66863913,1.241035
chr1_66867932_66868143,1.241035
chr1_66881077_66881511,1.241035
chr1_66904732_66904991,1.241035
chr1_66910997_66911424,1.241035
chr1_66930584_66930841,1.241035
chr1_66954948_66955119,1.523682
chr1_67198280_67198800,1.158117
chr1_67223993_67224234,1.158117
chr1_67374841_67375185,1.2519
chr1_67494221_67494361,1.2519
chr1_68257818_68258216,2.240938
chr1_68285768_68286070,2.240938
chr1_68572958_68573227,1.245329
chr1_68640572_68640736,1.245329
chr1_6943772_6944262,1.561825
chr1_70507902_70508588,1.237939
chr1_70691921_70692281,1.237939
chr1_70709017_70709466,1.237939
chr1_70746826_70747040,1.237939
chr1_70877943_70877992,1.237939
chr1_71413812_71414188,1.239271
chr1_71480052_71480316,1.239271
chr1_72155856_72156188,1.166184
chr1_74856605_74856927,1.196255
chr1_75102878_75102994,1.196255
chr1_7538871_7539273,1.813717
chr1_75590785_75591155,1.157149
chr1_75694572_75694736,1.157149
chr1_75972237_75972619,1.142388
chr1_76080205_76080672,1.142388
chr1_76080988_76081082,1.142388
chr1_76541670_76541922,1.201183
chr1_76751449_76751689,1.201183
chr1_77013544_77013818,1.201183
chr1_77165935_77166101,1.201183
chr1_77230839_77231032,1.201183
chr1_78011624_78012030,1.299672
chr1_78021710_78022056,1.299672
chr1_78026939_78027232,1.299672
chr1_78957462_78957762,1.131086
chr1_8070132_8070398,2.469708
chr1_81927696_81927980,1.14538
chr1_83310486_83310492,1.147183
chr1_84120524_84120814,1.200892
chr1_84127102_84127325,1.200892
chr1_84284633_84284926,1.200892
chr1_8445817_8446112,1.652915
chr1_8450820_8451072,1.652915
chr1_84971050_84971209,2.103893
chr1_85737728_85738105,2.035755
chr1_858256_858648,2.187568
chr1_85991291_85991622,1.921678
chr1_86527312_86527621,1.133375
chr1_86748500_86748571,1.149659
chr1_86805161_86805335,1.149659
chr1_87171187_87171726,1.858555
chr1_8720526_8720683,1.460149
chr1_8724042_8724475,1.460149
chr1_87744782_87745159,1.143743
chr1_87799623_87799998,1.143743
chr1_87800631_87801610,1.143743
chr1_87868475_87868540,1.143743
chr1_88655570_88655742,1.200709
chr1_88694004_88694059,1.200709
chr1_89112806_89113177,1.200709
chr1_89167079_89167239,1.200709
chr1_89303069_89303193,1.200709
chr1_8933581_8933925,3.798686
chr1_89339924_89340210,1.200709
chr1_89358212_89358439,1.200709
chr1_89459818_89459853,1.200709
chr1_89466934_89467175,1.200709
chr1_90069191_90069532,1.733823
chr1_90077145_90077551,1.733823
chr1_90135818_90136060,1.905034
chr1_90137741_90138074,1.905034
chr1_90274070_90274340,1.137931
chr1_90309838_90310280,1.137931
chr1_90321378_90321621,1.137931
chr1_90372321_90372729,1.137931
chr1_90374317_90375036,1.137931
chr1_90376424_90376756,1.137931
chr1_90751537_90751564,1.137931
chr1_91183313_91183764,1.415927
chr1_91185058_91185169,1.415927
chr1_91190991_91191184,1.415927
chr1_9127395_9127559,1.579367
chr1_9179840_9180024,1.579367
chr1_918449_918555,1.558513
chr1_9195486_9195787,1.579367
chr1_92048213_92048455,1.762478
chr1_92048914_92049154,1.762478
chr1_92196214_92196626,1.830424
chr1_92198149_92198440,1.830424
chr1_9222919_9223181,1.579367
chr1_9223907_9224260,1.579367
chr1_92269494_92269966,2.46148
chr1_92270160_92270686,2.46148
chr1_9271499_9271772,1.579367
chr1_9291783_9292106,1.579367
chr1_9293549_9293739,1.579367
chr1_9298798_9298942,1.579367
chr1_9335683_9335930,1.579367
chr1_93634565_93634982,1.740816
chr1_93914812_93914954,1.607399
chr1_9399032_9399161,1.579367
chr1_94089710_94089715,3.783914
chr1_94093325_94093611,3.783914
chr1_94127789_94128026,3.783914
chr1_94224546_94224929,1.581579
chr1_94234014_94234407,1.581579
chr1_94701813_94701865,1.829746
chr1_9473687_9473864,1.579367
chr1_95009926_95010072,2.73833
chr1_97308752_97309076,1.193784
chr1_97994700_97995088,1.169715
chr1_98315619_98315765,1.132753
chr1_9889535_9889880,1.97927
chr1_99784335_99784593,1.143525
