name_E,DNaseI_E
chr10_1281519_1281707,4.15067
chr10_3028046_3028193,5.32882
chr10_3133662_3133717,3.50467
chr10_3137708_3138098,6.24675
chr10_3509617_3509911,4.51958
chr10_3510310_3510716,4.51958
chr10_3511181_3511689,4.51958
chr10_3524547_3524820,6.67127
chr10_3526849_3527147,4.96048
chr10_3528683_3528786,3.39502
chr10_3542742_3543014,8.42866
chr10_3568141_3568290,5.07715
chr10_3598970_3599136,4.07258
chr10_3710838_3711066,7.22034
chr10_3751135_3751444,5.18477
chr10_3762746_3763172,7.61349
chr10_3782727_3783283,6.76171
chr10_3797195_3797502,5.84461
chr10_3845250_3845852,2.61852
chr10_3848037_3849536,3.83223
chr10_3852273_3852886,4.37306
chr10_3853393_3854169,4.37306
chr10_3867491_3867713,4.45925
chr10_3870489_3871262,5.95911
chr10_3893365_3894190,5.04213
chr10_3909715_3910075,4.38145
chr10_3928866_3929216,4.52003
chr10_3929991_3930887,4.52003
chr10_3932191_3932411,3.31265
chr10_3944367_3944901,2.2614
chr10_3948614_3948936,5.38721
chr10_3984866_3985563,5.91055
chr10_3991165_3991394,7.51387
chr10_4173688_4174411,6.24434
chr10_4289203_4289519,5.21237
chr10_4358748_4358982,6.54311
chr10_4386754_4387085,9.6637
chr10_4396174_4396330,3.87679
chr10_4414900_4415114,9.75549
chr10_4705159_4705783,8.03062
chr10_4712833_4713220,5.66721
chr10_4728868_4729211,7.90602
chr10_4813646_4813900,4.45632
chr10_4855217_4855416,7.05162
chr10_4891874_4892173,8.19135
chr10_4989909_4990226,6.41916
chr10_500969_501047,9.22109
chr10_5113786_5114179,5.43537
chr10_5333644_5334212,7.4917
chr10_5336164_5336286,4.59372
chr10_5359534_5359986,8.45178
chr10_556579_556951,7.54072
chr10_557102_557353,7.54072
chr10_5577499_5577735,5.96133
chr10_5587810_5588190,4.87737
chr10_5588881_5589169,4.87737
chr10_5590959_5591270,5.42564
chr10_5593718_5593999,2.39633
chr10_5607602_5608000,5.50097
chr10_5638863_5639270,4.94801
chr10_593455_593774,3.68029
chr10_652657_652929,4.77788
chr10_699938_700531,3.15492
chr10_830904_831008,6.03407
chr10_990446_990769,3.25954
chr1_100138206_100138591,4.06524
chr1_1005293_1005547,3.20891
chr1_100918231_100918546,7.27764
chr1_100996437_100996829,7.41142
chr1_101202267_101202571,4.95374
chr1_10127211_10127315,6.89343
chr1_101313094_101313246,5.85015
chr1_1014834_1015095,6.79295
chr1_101725356_101725679,7.45341
chr1_101774729_101775525,5.73987
chr1_10269964_10270260,4.53832
chr1_103572619_103572906,3.30754
chr1_10695291_10695734,3.2321
chr1_108479405_108480123,7.29976
chr1_108650339_108650754,9.68824
chr1_108661190_108661332,7.45276
chr1_108741685_108742156,4.96355
chr1_109133120_109133338,7.97889
chr1_109133637_109134097,7.97889
chr1_109189516_109189718,6.4113
chr1_109246671_109246905,6.07747
chr1_109262615_109262764,4.78494
chr1_10927237_10927380,4.35476
chr1_109800134_109800539,4.73169
chr1_109841804_109842152,5.46966
chr1_109842394_109842833,5.46966
chr1_109913179_109913623,5.0813
chr1_109933790_109934137,3.18216
chr1_109981518_109981703,11.41203
chr1_110160052_110160461,5.18439
chr1_110334849_110335164,6.12942
chr1_110339466_110339959,2.99298
chr1_110358971_110359415,2.45868
chr1_110363861_110364229,5.70409
chr1_110364881_110365302,5.70409
chr1_110406868_110407271,3.80233
chr1_110420039_110420145,7.44227
chr1_110476602_110476703,6.80836
chr1_110694968_110695154,5.73083
chr1_110963862_110964269,5.34808
chr1_111177471_111177854,7.35753
chr1_111182665_111183078,3.54555
chr1_111189973_111190443,5.42586
chr1_111764327_111764759,3.54182
chr1_112050044_112050594,5.53302
chr1_112058341_112058601,5.71823
chr1_112058803_112059167,5.71823
chr1_112078528_112078792,2.31285
chr1_112135698_112135869,7.1276
chr1_112276731_112276883,5.1032
chr1_112286281_112286588,4.44656
chr1_11236551_11236761,3.23119
chr1_112901525_112901779,3.75022
chr1_113086746_113087141,5.58132
chr1_113584893_113585079,5.22967
chr1_1136667_1137146,7.49061
chr1_114326143_114326379,3.69817
chr1_1143531_1144198,5.69348
chr1_114575620_114575801,7.94157
chr1_114997819_114998047,3.54838
chr1_115627657_115627928,2.54065
chr1_115709526_115709713,3.08711
chr1_115722074_115722498,8.97793
chr1_115732772_115733197,6.14763
chr1_115873164_115873576,5.47055
chr1_115968975_115969167,5.16027
chr1_116039640_116039989,5.08391
chr1_116088478_116088732,7.3055
chr1_116221756_116221883,7.23749
chr1_116291091_116291334,6.64098
chr1_116370977_116371565,6.63886
chr1_116918925_116919548,2.7758
chr1_116920378_116921129,4.16368
chr1_117040346_117040781,5.53106
chr1_117047053_117047428,4.05674
chr1_117051576_117051921,5.05968
chr1_117080047_117080432,4.50614
chr1_117081238_117081452,5.86829
chr1_117132073_117132239,4.06627
chr1_1173386_1173736,2.65583
chr1_117363043_117363386,8.44048
chr1_117421623_117422020,3.1446
chr1_117424835_117425013,5.91918
chr1_11753086_11753651,7.03648
chr1_117533270_117533527,5.27675
chr1_118185712_118185829,2.90969
chr1_118197868_118198044,3.1408
chr1_118678137_118678411,5.72187
chr1_11968510_11969143,4.65813
chr1_11990003_11990329,3.30575
chr1_120255895_120256325,5.15255
chr1_12046023_12046196,3.41129
chr1_12050736_12051137,4.58865
chr1_120530787_120531205,2.8639
chr1_12112067_12112502,7.73998
chr1_12127865_12128182,4.9453
chr1_12193120_12193399,4.54193
chr1_12213128_12213883,8.35943
chr1_12221931_12222397,7.57665
chr1_12237719_12238747,6.56931
chr1_12238984_12239461,6.56931
chr1_12243852_12244671,7.1171
chr1_12493313_12493712,4.34454
chr1_12493910_12494304,4.34454
chr1_12508783_12509005,4.39679
chr1_12509354_12509466,4.39679
chr1_12579035_12579403,6.23538
chr1_12599928_12600179,6.11569
chr1_12600525_12600853,6.11569
chr1_12609717_12610039,7.96369
chr1_12616547_12616769,8.21428
chr1_12675687_12675874,2.52813
chr1_1295535_1296332,3.94193
chr1_13931629_13932064,3.90745
chr1_142538903_142539547,2.20868
chr1_144533627_144534178,4.10471
chr1_144536201_144536370,3.16472
chr1_144908312_144908601,4.83875
chr1_144908806_144909147,4.83875
chr1_145009158_145009716,4.29583
chr1_145023690_145024549,2.84151
chr1_145042783_145043227,3.74411
chr1_145054975_145055306,3.46239
chr1_145058996_145059322,4.6663
chr1_145090155_145090603,4.06806
chr1_145092450_145092883,3.5903
chr1_145113904_145114998,4.65688
chr1_145455122_145455741,6.95082
chr1_145526126_145526326,3.6074
chr1_146764405_146764804,7.22893
chr1_147775754_147775884,10.7001
chr1_147806841_147807184,5.68094
chr1_148000699_148000802,7.84339
chr1_14843752_14844090,6.83833
chr1_149215297_149215704,6.06496
chr1_149978692_149979077,3.36035
chr1_149981648_149981889,5.28611
chr1_150135231_150135764,5.26765
chr1_150159099_150159241,4.58274
chr1_150185878_150186128,8.48563
chr1_150577042_150577503,9.13804
chr1_150585815_150586394,6.5564
chr1_150592182_150592667,6.20261
chr1_15059594_15059681,5.6264
chr1_151172142_151172526,5.34485
chr1_151172620_151173197,5.34485
chr1_151284018_151284391,7.4483
chr1_151445792_151446161,3.62899
chr1_151486181_151486300,3.54769
chr1_151913574_151913780,7.22191
chr1_151913815_151914271,7.22191
chr1_151960875_151961433,3.27077
chr1_151961675_151962369,3.27077
chr1_151968368_151968560,5.55932
chr1_152006910_152007460,3.06838
chr1_152007615_152008057,3.06838
chr1_15335392_15335732,5.2756
chr1_153525322_153525412,2.42862
chr1_153526279_153526545,2.35419
chr1_153541018_153541368,3.00354
chr1_153545866_153546049,5.12825
chr1_153583449_153583810,2.36947
chr1_153670755_153671012,3.51644
chr1_153762591_153763309,5.00105
chr1_154154606_154155027,5.65419
chr1_154299137_154299452,3.50646
chr1_154391539_154392211,6.44625
chr1_154392646_154393050,6.44625
chr1_154404273_154404562,7.61024
chr1_154579303_154579782,4.85542
chr1_154582047_154582244,4.85542
chr1_154910155_154910399,5.8331
chr1_154973335_154973935,4.18492
chr1_155469100_155469412,4.27664
chr1_15572643_15572853,3.90804
chr1_155830201_155830522,4.45936
chr1_15587144_15587415,6.92207
chr1_155945743_155946196,3.26897
chr1_155946363_155946660,3.26897
chr1_156073142_156073699,2.95686
chr1_156073854_156074351,2.95686
chr1_156089405_156089622,2.8027
chr1_156134935_156135401,3.0178
chr1_15616896_15617243,10.38455
chr1_156251648_156251762,5.06557
chr1_156426931_156427503,5.41711
chr1_156468556_156468776,2.21139
chr1_156472693_156472952,2.93217
chr1_156473111_156473378,2.93217
chr1_156474686_156475018,3.89797
chr1_15649550_15649749,7.23092
chr1_156541089_156541488,7.99232
chr1_156586355_156586564,4.95438
chr1_156629760_156630406,4.14908
chr1_15664307_15664455,4.20009
chr1_156645551_156645913,3.62908
chr1_15664580_15664866,4.20009
chr1_15666999_15667145,3.12118
chr1_156676478_156676824,3.62891
chr1_156895977_156896091,3.91277
chr1_157076072_157076782,6.62058
chr1_157124774_157125221,4.03202
chr1_157244599_157245063,6.11766
chr1_15742467_15743324,4.3303
chr1_157938818_157938961,4.9107
chr1_157964633_157965029,2.5746
chr1_157980631_157980890,4.71429
chr1_157989414_157989935,5.60087
chr1_158147244_158147839,4.79205
chr1_158970513_158970716,5.56035
chr1_159111772_159112137,5.89407
chr1_159158093_159158524,2.86758
chr1_15946733_15946892,2.97021
chr1_159819832_159820037,6.19044
chr1_159851477_159851987,6.68323
chr1_159859603_159860031,7.37814
chr1_159880076_159880706,8.27166
chr1_159961374_159961617,2.99979
chr1_16007283_16007579,5.76807
chr1_160087563_160087915,4.44653
chr1_16030221_16030623,6.33539
chr1_160696081_160696317,4.72339
chr1_16087189_16087372,4.95927
chr1_160982920_160983992,7.02077
chr1_160989381_160990254,3.58043
chr1_161155098_161155533,5.59879
chr1_161177017_161177202,4.46109
chr1_16125579_16125747,4.83006
chr1_161348767_161349231,3.46137
chr1_161352257_161352597,6.39929
chr1_161359666_161360218,7.71884
chr1_161500608_161500899,5.92635
chr1_161706477_161706712,3.25235
chr1_16176617_16176801,3.63168
chr1_161973588_161973892,6.6945
chr1_161991847_161991976,3.06462
chr1_16212759_16213091,7.1878
chr1_162508612_162508929,4.1363
chr1_162511455_162511984,6.43394
chr1_162518132_162518252,5.94816
chr1_162599583_162599804,3.5249
chr1_162603017_162603226,3.5249
chr1_16276028_16276482,4.62941
chr1_16291784_16292062,4.81939
chr1_16292565_16293101,4.81939
chr1_162954567_162954830,5.87213
chr1_162967342_162967569,4.92252
chr1_163005587_163006022,8.60088
chr1_163006587_163006657,8.60088
chr1_16339773_16339933,4.09758
chr1_163844797_163845064,3.88515
chr1_16401814_16401932,5.07815
chr1_164686304_164686686,5.45126
chr1_164717528_164717907,7.79574
chr1_164723371_164723492,4.50502
chr1_164734934_164735098,5.44221
chr1_164736884_164737252,5.13267
chr1_164750243_164750515,6.72708
chr1_16499761_16499895,3.07265
chr1_16502532_16502678,5.34777
chr1_16508402_16508642,5.78691
chr1_165797615_165798367,4.36933
chr1_165823413_165823808,5.78914
chr1_165868061_165868423,4.26221
chr1_16677236_16677843,4.53948
chr1_167424728_167425462,2.42931
chr1_167586596_167587245,3.22426
chr1_167635730_167635903,5.01408
chr1_167683554_167683813,4.11096
chr1_167766380_167766616,9.44677
chr1_168050664_168051125,5.29119
chr1_16826315_16826438,5.22718
chr1_168368318_168368620,6.25414
chr1_168440429_168440721,7.3793
chr1_168467604_168467716,5.46432
chr1_169071998_169072131,5.53276
chr1_17019394_17019738,2.83006
chr1_170555759_170556062,3.96746
chr1_170633923_170634526,2.38824
chr1_170669976_170670263,4.33979
chr1_170677232_170677374,4.87164
chr1_170864676_170864986,3.80831
chr1_171110631_171110996,5.12393
chr1_171111810_171112100,5.12393
chr1_171189238_171189444,4.67451
chr1_1714020_1714715,3.38023
chr1_171407653_171408026,7.1024
chr1_171712214_171712716,3.82607
chr1_172106187_172106635,4.33846
chr1_172150675_172151005,5.47972
chr1_172291507_172291926,4.22499
chr1_17231253_17231704,4.5103
chr1_172327558_172328156,4.80199
chr1_172606833_172606931,6.69242
chr1_172631926_172632270,8.99666
chr1_172715484_172715760,5.51919
chr1_172790579_172790978,3.54311
chr1_172828423_172828792,10.22059
chr1_172852442_172852809,2.77241
chr1_172878579_172879356,5.14894
chr1_172887147_172887473,7.20465
chr1_172903010_172903534,6.40477
chr1_172917653_172917863,6.57924
chr1_172920935_172921277,4.58454
chr1_172938789_172938985,5.07022
chr1_172959872_172960111,4.75786
chr1_172972573_172972790,9.71253
chr1_173008475_173008781,3.81058
chr1_173081389_173081497,5.9111
chr1_173091914_173092434,5.92329
chr1_173092552_173092771,5.92329
chr1_173398914_173399297,6.30294
chr1_173447359_173447668,3.50659
chr1_17454855_17455288,8.28986
chr1_174788416_174788807,4.78262
chr1_17494378_17494745,5.51959
chr1_17495208_17495390,5.51959
chr1_17534687_17534794,6.18884
chr1_17578205_17578469,7.20576
chr1_176174471_176174980,5.24218
chr1_177150553_177151051,3.9738
chr1_177178348_177178736,10.84478
chr1_1772108_1772256,2.33539
chr1_177896186_177896486,5.87161
chr1_178121154_178121309,2.79666
chr1_178207948_178208160,7.11092
chr1_178231351_178231525,9.61696
chr1_178252303_178252477,6.89239
chr1_17865185_17865523,3.9526
chr1_17896198_17896624,5.02643
chr1_179110934_179111289,5.5893
chr1_1793829_1793862,2.3713
chr1_179555221_179555646,2.58114
chr1_180200315_180200683,3.18486
chr1_180554738_180554883,5.08648
chr1_180580561_180580926,5.38791
chr1_180895607_180895967,3.37497
chr1_181032056_181032215,6.92558
chr1_181042855_181043067,6.73181
chr1_181065454_181065797,4.66402
chr1_181074349_181074924,4.79825
chr1_181096103_181096331,3.96999
chr1_181097947_181098672,3.96999
chr1_181104473_181105818,4.30897
chr1_181110732_181111003,5.79619
chr1_181122099_181122260,7.57686
chr1_181130674_181130808,4.02862
chr1_1814762_1815124,2.7643
chr1_181998739_181999134,6.667
chr1_18200796_18200931,4.07218
chr1_182113385_182113953,5.46385
chr1_182118170_182119053,8.63007
chr1_182163095_182163338,4.68072
chr1_182259351_182259676,5.89494
chr1_182998797_182999044,3.69595
chr1_183132366_183132749,6.33611
chr1_183133608_183133779,6.33611
chr1_183149947_183150219,6.52467
chr1_183161027_183161375,8.9393
chr1_183239968_183240242,3.91536
chr1_183241451_183241867,4.57261
chr1_183248987_183249454,3.82903
chr1_183256519_183256577,4.59212
chr1_183552584_183552988,4.60889
chr1_183573035_183573933,5.71419
chr1_183577563_183577895,4.65505
chr1_183578502_183578873,4.65505
chr1_183579279_183579568,4.65505
chr1_183811794_183811833,6.913
chr1_183865521_183866190,3.78519
chr1_184005350_184005919,3.13084
chr1_1840449_1840835,8.48036
chr1_184129300_184129941,4.61186
chr1_184130086_184130836,4.61186
chr1_184132883_184133080,5.45784
chr1_184265554_184265938,5.59895
chr1_184357629_184357933,5.40481
chr1_184724887_184725142,6.12331
chr1_184836042_184836526,9.18287
chr1_184922808_184923031,5.6956
chr1_185250433_185250655,2.99685
chr1_185253692_185254037,3.98887
chr1_185346055_185346679,9.17298
chr1_185409237_185409536,4.39579
chr1_185453251_185453699,6.27854
chr1_185536131_185536449,4.588
chr1_186590040_186590634,9.34727
chr1_186612873_186613046,4.29991
chr1_186935248_186935528,3.39598
chr1_186943840_186944382,10.14225
chr1_187996792_187997117,9.17373
chr1_192446152_192446393,6.44992
chr1_192458942_192459176,5.47879
chr1_192485848_192486563,2.79396
chr1_192487767_192488105,3.57977
chr1_19248887_19249092,5.13989
chr1_192500254_192500504,7.98778
chr1_192514282_192514417,4.6983
chr1_192519890_192520690,9.42147
chr1_19253034_19253391,4.48787
chr1_192542752_192542937,6.10318
chr1_192543300_192543508,6.10318
chr1_192549613_192549895,7.89449
chr1_192608900_192609547,8.55912
chr1_192733103_192733287,6.0802
chr1_19274997_19275345,2.96926
chr1_192757327_192757592,10.95173
chr1_19276270_19276542,2.96926
chr1_192776947_192777226,3.51441
chr1_192846727_192846972,3.83991
chr1_192873637_192874003,9.69104
chr1_192921207_192921501,7.80758
chr1_193180704_193180924,10.24495
chr1_19324821_19325090,2.79784
chr1_19336477_19336714,6.47702
chr1_193583968_193584211,9.26598
chr1_19360402_19360809,4.28302
chr1_19762527_19762798,3.71968
chr1_19778785_19779174,2.18698
chr1_19803336_19803680,7.73866
chr1_198087299_198087585,5.50086
chr1_198090244_198090551,4.87721
chr1_198092315_198092633,4.54514
chr1_198124316_198124670,3.33805
chr1_198128112_198128944,4.20482
chr1_198136529_198137056,5.5277
chr1_19839147_19839427,4.3143
chr1_198431538_198431860,4.67551
chr1_198650930_198651643,7.51539
chr1_198850238_198850638,7.07267
chr1_198887897_198888318,4.39081
chr1_198898987_198899513,2.75353
chr1_198901469_198901869,3.21968
chr1_198903935_198904934,4.94064
chr1_199142483_199142829,4.71221
chr1_199711776_199712042,7.5922
chr1_199826452_199826640,3.92442
chr1_199828633_199828987,5.84002
chr1_200122559_200122752,2.67865
chr1_200321353_200321596,8.85881
chr1_200332454_200332650,3.21428
chr1_200341273_200341515,6.98225
chr1_200481491_200481643,9.90116
chr1_200857233_200857815,2.81917
chr1_201139670_201140154,5.73299
chr1_201160901_201161255,11.22407
chr1_201236006_201236165,5.15083
chr1_201244405_201244769,5.38923
chr1_201431088_201431253,5.21432
chr1_201463619_201463933,3.07691
chr1_201472589_201472996,4.40759
chr1_201500233_201500477,4.14689
chr1_201520953_201521395,5.33139
chr1_201572031_201572237,4.68249
chr1_201605860_201605966,4.59074
chr1_201619383_201619798,2.88534
chr1_201682596_201682901,5.7369
chr1_201739210_201739573,4.65438
chr1_201743848_201744120,5.65949
chr1_202045307_202045525,6.34568
chr1_202055098_202055409,3.97805
chr1_202075010_202075191,5.62211
chr1_203247590_203248072,6.72364
chr1_203259429_203259985,6.6257
chr1_203289937_203290406,3.50496
chr1_203296328_203297068,5.19799
chr1_203297101_203297334,5.19799
chr1_203481982_203482534,6.41173
chr1_203489584_203489741,4.96027
chr1_203491011_203491485,4.96027
chr1_203506114_203506504,4.1921
chr1_203561987_203562359,4.38889
chr1_203576404_203576703,8.21343
chr1_203619380_203619832,4.13815
chr1_203643182_203643803,4.92304
chr1_203661733_203662076,7.52584
chr1_204049581_204049822,4.51881
chr1_204073791_204074252,2.86036
chr1_204289566_204289863,5.60874
chr1_204317952_204318184,5.0972
chr1_20437370_20437554,5.64596
chr1_204386444_204387188,4.84373
chr1_204387566_204387645,4.84373
chr1_205017484_205017845,2.4096
chr1_205144631_205144860,5.9082
chr1_205173095_205173476,4.53681
chr1_205216742_205217034,5.34194
chr1_205218253_205218732,4.46309
chr1_205228000_205228129,3.05599
chr1_205253892_205254222,6.88355
chr1_205254805_205255191,6.88355
chr1_205257253_205257766,2.71293
chr1_205267691_205267999,3.23018
chr1_205270500_205270865,3.86642
chr1_205283024_205283394,4.88267
chr1_205288770_205288915,3.47499
chr1_205410224_205410578,4.6498
chr1_205638319_205638508,2.51083
chr1_205638734_205639222,2.51083
chr1_206748515_206748888,6.79492
chr1_206748926_206749451,6.79492
chr1_206751685_206751882,3.01908
chr1_206763465_206763687,6.59509
chr1_206859136_206859493,3.70999
chr1_206897147_206897463,5.90527
chr1_206918122_206918360,3.72048
chr1_206926556_206926809,5.74196
chr1_207032445_207032583,2.60762
chr1_207063537_207063710,4.05577
chr1_207414217_207414394,4.22122
chr1_207997315_207997832,6.08903
chr1_207999163_207999611,3.46239
chr1_208021631_208021781,6.00805
chr1_208267767_208267971,4.49399
chr1_2082729_2083012,2.57825
chr1_208335369_208335711,2.63778
chr1_208412497_208412696,3.37742
chr1_208418631_208418859,4.38314
chr1_20930711_20931037,6.18443
chr1_209542596_209542897,7.48325
chr1_209562668_209562976,9.0733
chr1_209571959_209572357,7.23389
chr1_209578512_209578819,3.63066
chr1_209579567_209579719,3.63066
chr1_209585617_209585757,2.45018
chr1_209589374_209589797,6.9516
chr1_209806744_209806957,4.16265
chr1_209822403_209823008,7.28573
chr1_209833148_209833823,3.76301
chr1_209841164_209841607,2.33539
chr1_209921200_209921357,8.16745
chr1_20993397_20993558,3.5834
chr1_209942657_209943400,8.4936
chr1_210056461_210057439,5.41193
chr1_210058060_210058292,5.41193
chr1_210567003_210567330,9.35975
chr1_211500826_211501119,3.51265
chr1_211517513_211517976,3.77731
chr1_211590216_211590571,5.36198
chr1_211688648_211688771,3.76141
chr1_212261904_212262125,11.25078
chr1_212291571_212291809,4.56296
chr1_212643548_212643711,10.85318
chr1_212650622_212650921,8.10595
chr1_212658172_212658571,4.84231
chr1_212659054_212659720,4.84231
chr1_212661846_212662402,5.04678
chr1_212769584_212769966,7.52918
chr1_212808477_212808830,3.29044
chr1_212809966_212810356,7.16769
chr1_212840606_212841015,5.80389
chr1_212841280_212841455,5.80389
chr1_212844659_212845312,3.18366
chr1_213090277_213090696,2.80443
chr1_213101984_213102303,2.37985
chr1_21348947_21349299,8.57697
chr1_213500745_213500914,7.3265
chr1_214601098_214601566,8.23887
chr1_214612784_214613126,9.37469
chr1_214619335_214619608,5.3142
chr1_21475659_21476054,6.07787
chr1_215006647_215006892,6.03401
chr1_215011690_215012052,5.75975
chr1_215130656_215131050,7.03215
chr1_21558552_21558736,3.25767
chr1_215741534_215741966,3.8948
chr1_21588176_21588724,4.77295
chr1_21588829_21589430,4.77295
chr1_21643831_21644195,3.52226
chr1_21650806_21651685,6.03219
chr1_21660622_21661187,3.78227
chr1_21664400_21664833,4.08245
chr1_21664947_21665143,4.08245
chr1_216774004_216774285,6.14286
chr1_2171824_2171946,2.99055
chr1_2172142_2172385,2.99055
chr1_217308487_217308861,3.0642
chr1_2177615_2177829,6.73185
chr1_218382752_218383112,9.66202
chr1_218550674_218551089,7.27892
chr1_218633382_218633612,4.28504
chr1_218636802_218637167,4.34594
chr1_218647012_218647232,5.21989
chr1_218662454_218662669,3.3114
chr1_218758903_218759111,5.3511
chr1_21876659_21877005,2.63741
chr1_218847947_218848245,7.17045
chr1_219262446_219262621,8.58047
chr1_219498496_219498646,6.7196
chr1_219547203_219547495,4.08897
chr1_21965161_21965473,8.11453
chr1_219728784_219728936,6.11664
chr1_221130660_221131042,4.80149
chr1_221135331_221135824,7.51855
chr1_221143804_221143903,3.47803
chr1_221175115_221175231,2.3821
chr1_221209079_221209530,4.93961
chr1_221219642_221220032,4.22215
chr1_221270955_221271464,6.67854
chr1_221271745_221272272,6.67854
chr1_221273966_221274169,4.56392
chr1_221567491_221567844,5.58202
chr1_221612801_221613016,5.57612
chr1_221631911_221632097,6.34925
chr1_221840936_221841145,5.52871
chr1_22184381_22184621,2.31479
chr1_221877654_221878134,2.87957
chr1_221881394_221881826,4.2832
chr1_221882292_221882723,4.2832
chr1_221899063_221899285,3.14046
chr1_221916049_221916599,4.45749
chr1_221982394_221982755,2.73325
chr1_222002644_222003471,9.344
chr1_222135050_222135329,3.71911
chr1_222161205_222161607,6.49479
chr1_222164724_222164904,2.49597
chr1_222167595_222168014,5.41389
chr1_222171745_222172136,2.34582
chr1_2221868_2222548,8.30914
chr1_22231370_22231630,6.53337
chr1_22232811_22232851,2.65908
chr1_22235836_22236001,3.29085
chr1_222638782_222639204,6.07684
chr1_22266159_22266438,5.92077
chr1_222987149_222987502,3.08464
chr1_223147896_223148076,6.99333
chr1_2231691_2232185,3.55711
chr1_2232428_2232896,3.55711
chr1_223363832_223364028,3.22601
chr1_22345590_22345859,9.97206
chr1_22366226_22366841,3.78367
chr1_223903033_223903347,5.94688
chr1_223914239_223914747,5.2499
chr1_224014874_224015267,3.94681
chr1_224019430_224020596,4.24972
chr1_224023477_224023773,6.45668
chr1_224032316_224032686,3.87324
chr1_224240602_224240763,7.44739
chr1_224269875_224270192,2.99441
chr1_224545542_224546006,6.36834
chr1_224635065_224635439,8.0887
chr1_2246556_2246763,2.8417
chr1_224685994_224686507,4.48656
chr1_224691192_224691563,5.53091
chr1_224727681_224727955,2.4855
chr1_224730441_224730985,5.8966
chr1_224732016_224732357,5.8966
chr1_224811590_224812043,6.34819
chr1_2253622_2253773,7.7732
chr1_2254081_2254230,7.7732
chr1_225613143_225613456,2.6146
chr1_225642606_225642805,4.52416
chr1_225654906_225655584,3.86161
chr1_225845408_225845613,3.16006
chr1_225881856_225882162,4.52588
chr1_225934674_225934968,8.77062
chr1_226084943_226085104,3.87834
chr1_226222205_226222589,11.96225
chr1_226288544_226288864,5.17975
chr1_226297611_226298113,4.18935
chr1_226388791_226388905,3.06769
chr1_226841860_226842030,2.98182
chr1_226842095_226842563,2.98182
chr1_226852222_226852636,4.46622
chr1_226864749_226865297,5.40984
chr1_226867580_226868182,4.3917
chr1_226884834_226885233,6.27844
chr1_226890098_226890374,5.07036
chr1_226890865_226891416,5.07036
chr1_226896121_226896509,5.96063
chr1_226911425_226911742,6.8177
chr1_227002760_227003096,6.02776
chr1_227009018_227009221,6.46863
chr1_227751865_227752213,6.86774
chr1_227953974_227954299,3.13237
chr1_227981750_227981829,6.55991
chr1_228273480_228273740,3.5862
chr1_228338299_228338457,8.44886
chr1_22863291_22863389,3.93969
chr1_228633222_228633907,4.96056
chr1_228634060_228634141,4.96056
chr1_228640073_228640088,4.03174
chr1_228651177_228651630,5.72723
chr1_228688608_228688902,7.63096
chr1_228783266_228783899,3.73135
chr1_228917012_228917506,3.75106
chr1_228973832_228974198,4.7149
chr1_229206013_229206222,5.02036
chr1_229327820_229328069,4.72643
chr1_229341143_229341392,3.6201
chr1_229357329_229357959,3.76371
chr1_229409656_229409997,2.91323
chr1_229544503_229544714,2.41977
chr1_229546837_229547142,4.89091
chr1_230220475_230220731,6.65628
chr1_230240540_230240902,4.71341
chr1_230241590_230241986,4.71341
chr1_230249347_230250007,6.10869
chr1_230289705_230290142,4.942
chr1_230645276_230645765,8.72414
chr1_23076914_23077145,5.71386
chr1_231347338_231347496,4.44514
chr1_231629288_231629504,3.91746
chr1_231860737_231860947,3.51138
chr1_231913853_231914038,4.42258
chr1_231939296_231939383,3.75704
chr1_231944869_231945038,4.50039
chr1_232107055_232107371,7.09778
chr1_232725638_232725888,2.4455
chr1_233249275_233249581,6.37577
chr1_23426690_23427100,5.67948
chr1_234275805_234276023,10.27055
chr1_23429944_23430077,3.3915
chr1_234450953_234451201,6.40356
chr1_234534667_234535013,5.11734
chr1_234630919_234631525,5.85885
chr1_234659231_234659760,8.69473
chr1_234680207_234680593,6.7434
chr1_234721506_234721689,4.42154
chr1_234738546_234738834,3.59999
chr1_234746093_234747674,2.55042
chr1_234748100_234748931,2.98502
chr1_234749342_234749645,2.98502
chr1_234757412_234757805,3.93385
chr1_234767593_234767925,6.41916
chr1_234792654_234793437,6.27879
chr1_234793934_234794239,6.27879
chr1_234812067_234812214,6.75164
chr1_234857710_234858181,2.77215
chr1_234858843_234859287,3.17217
chr1_234881537_234881788,6.19449
chr1_234891292_234891478,7.10632
chr1_234908151_234908764,7.00446
chr1_234911340_234911676,2.09436
chr1_234918221_234918587,2.51229
chr1_234978594_234979177,2.79962
chr1_234980393_234980645,3.17428
chr1_234984948_234985284,6.17106
chr1_234987212_234987644,4.46484
chr1_234989990_234990213,4.02928
chr1_235012060_235012373,4.79216
chr1_235069269_235069652,7.75748
chr1_235070340_235070651,7.75748
chr1_235091073_235091332,4.10997
chr1_235091427_235091813,4.10997
chr1_235097868_235098070,4.34986
chr1_235104770_235105153,3.33572
chr1_235106929_235107153,3.33572
chr1_235110834_235111403,3.45405
chr1_235114050_235115068,3.4758
chr1_235120162_235120433,4.2497
chr1_235133014_235133422,9.43754
chr1_235183936_235184197,5.24175
chr1_235186710_235186949,4.40992
chr1_23523350_23523682,4.89968
chr1_235242252_235242564,2.9574
chr1_235243001_235243596,2.9574
chr1_235246558_235246857,6.10994
chr1_235267591_235267744,5.35236
chr1_235460869_235461278,4.1363
chr1_235468552_235468724,4.47401
chr1_235805098_235806119,7.17915
chr1_236030835_236031025,6.32621
chr1_236080566_236081247,7.79683
chr1_236083263_236083651,3.63566
chr1_236109486_236110063,5.0185
chr1_236135691_236135959,6.80888
chr1_236162583_236163199,6.00556
chr1_236179538_236179652,3.26608
chr1_236231203_236231484,3.81328
chr1_23721090_23721462,5.4295
chr1_23849183_23849405,2.54853
chr1_238811242_238811567,10.21883
chr1_238817061_238817213,4.54077
chr1_23882500_23882866,2.42316
chr1_23888678_23889201,5.01062
chr1_23903714_23904323,4.48472
chr1_23912037_23912393,5.47375
chr1_23918101_23918449,3.54599
chr1_23961555_23961694,4.298
chr1_240397761_240398076,4.45319
chr1_240476321_240476487,7.99359
chr1_240514375_240514531,6.26716
chr1_240562823_240563040,9.17582
chr1_241638824_241639283,5.13649
chr1_241714901_241715765,2.85293
chr1_241771916_241772216,3.08222
chr1_241775803_241776227,6.30821
chr1_243428005_243428394,5.73279
chr1_243431437_243431793,5.15997
chr1_243451071_243451374,5.82249
chr1_243487001_243487352,2.93502
chr1_24349340_24349488,5.40495
chr1_243585242_243585384,8.68869
chr1_243637125_243637295,3.03043
chr1_243894639_243895081,5.43074
chr1_244417754_244418100,2.50932
chr1_244462616_244463099,8.2915
chr1_244466323_244466598,4.59405
chr1_244482749_244483387,6.19793
chr1_244486299_244486688,7.26874
chr1_244505125_244505457,3.90145
chr1_244512430_244512879,3.88049
chr1_244517098_244517541,8.34031
chr1_244525463_244525578,7.0589
chr1_244763140_244763529,7.45058
chr1_24476382_24476609,5.24046
chr1_244894306_244894456,4.11354
chr1_245082176_245082355,3.80593
chr1_24518503_24518681,5.36346
chr1_24519628_24519970,5.36346
chr1_245255337_245255432,7.05481
chr1_246035151_246035554,4.38883
chr1_246038342_246038749,4.38883
chr1_246147829_246148201,3.25825
chr1_246591935_246592203,8.09813
chr1_246730569_246731007,4.97349
chr1_246751015_246751281,4.43664
chr1_246760708_246760962,6.84177
chr1_246772310_246772610,9.1618
chr1_246862505_246862699,9.95348
chr1_24691833_24692082,7.7336
chr1_246957671_246957948,3.14388
chr1_24736156_24736250,7.96797
chr1_247553531_247554143,6.72838
chr1_2478276_2478817,4.22232
chr1_249117788_249118228,3.83655
chr1_249157308_249157673,3.60123
chr1_25051079_25051208,4.01295
chr1_25344029_25344296,5.12674
chr1_25348659_25349200,6.78854
chr1_25559638_25560067,5.09743
chr1_25566195_25566411,7.75919
chr1_25566618_25566670,7.75919
chr1_2574343_2574764,6.72695
chr1_25942744_25943208,6.25371
chr1_25969249_25969578,5.60613
chr1_26022319_26022793,4.91649
chr1_26201699_26201757,4.43948
chr1_26249033_26249281,2.47312
chr1_26452850_26453250,2.69296
chr1_26827232_26827869,4.14112
chr1_26946837_26947249,5.282
chr1_26947342_26948198,5.282
chr1_27024638_27025138,5.31064
chr1_27175784_27176273,6.214
chr1_27184739_27184972,4.0148
chr1_27191386_27191927,7.95862
chr1_27353661_27353962,6.40112
chr1_27400779_27401092,3.74433
chr1_27462835_27462988,4.21465
chr1_27625914_27626081,5.02523
chr1_27626897_27627231,5.02523
chr1_27691785_27692261,3.88311
chr1_27762936_27763307,5.37831
chr1_27848725_27849287,2.13165
chr1_27869425_27869556,3.96393
chr1_27916292_27916674,3.63982
chr1_27924204_27924421,3.27511
chr1_27935491_27936061,3.84654
chr1_27963400_27963974,4.62552
chr1_27976905_27977430,5.50241
chr1_27982664_27982914,5.66945
chr1_27985480_27985709,3.24215
chr1_27985869_27985982,3.24215
chr1_27986111_27986384,3.24215
chr1_28143878_28144081,5.35611
chr1_28189568_28190269,11.44151
chr1_28199684_28200598,2.41957
chr1_28201800_28202156,10.26563
chr1_28431716_28431884,9.42687
chr1_28437098_28437429,3.02484
chr1_28437697_28438098,3.02484
chr1_28439074_28439949,7.66803
chr1_28449970_28450467,6.98412
chr1_28495580_28496044,2.50552
chr1_28500052_28500411,3.82734
chr1_28576012_28576248,2.79469
chr1_28640564_28640739,7.61508
chr1_29101544_29101853,4.86166
chr1_29451057_29451462,3.79683
chr1_29563709_29564430,3.3874
chr1_31241795_31242280,5.08178
chr1_31251287_31251533,7.50706
chr1_31320336_31320627,6.35993
chr1_31537719_31538012,5.41637
chr1_31627566_31627958,3.02561
chr1_31643824_31643962,10.71001
chr1_31956203_31956482,8.77584
chr1_32015159_32015590,4.34966
chr1_32166698_32166999,4.79668
chr1_32180603_32180986,2.91242
chr1_32253647_32254040,4.45154
chr1_3229711_3230157,4.80018
chr1_3231556_3231634,4.80018
chr1_32354934_32355150,3.52983
chr1_3237165_3237518,3.74357
chr1_32405536_32405898,3.8058
chr1_32420307_32420572,6.67569
chr1_32421622_32422096,6.67569
chr1_32701561_32701886,7.46336
chr1_32715599_32716062,3.84967
chr1_32732571_32732683,5.13383
chr1_32803558_32803627,2.66252
chr1_32805161_32805466,7.13047
chr1_32966228_32966602,3.77358
chr1_33077721_33078012,4.33794
chr1_3309990_3310261,2.84357
chr1_33182280_33182513,2.52055
chr1_33220297_33220575,4.10388
chr1_33225777_33226084,4.05865
chr1_33227148_33227387,5.125
chr1_33405191_33405597,9.91805
chr1_33438571_33438703,3.72851
chr1_33446816_33447482,8.77813
chr1_33450112_33450483,2.89468
chr1_33457914_33458607,4.48064
chr1_33463131_33463490,6.8742
chr1_33515825_33516245,6.49968
chr1_33564918_33565286,7.35164
chr1_33685276_33685676,4.1705
chr1_33804359_33804743,3.43165
chr1_33829513_33829825,4.08757
chr1_3420761_3421065,8.5532
chr1_3459907_3460197,6.13206
chr1_36173458_36173573,2.73009
chr1_36183411_36183689,4.63572
chr1_3634737_3634863,2.66967
chr1_36555347_36555633,6.04123
chr1_36616485_36616868,4.91942
chr1_36626561_36626969,4.32379
chr1_36641160_36641451,3.75053
chr1_36825493_36825742,4.3967
chr1_36839449_36839891,5.54013
chr1_36840093_36840535,5.54013
chr1_37169397_37169618,5.63847
chr1_37937293_37937526,3.50304
chr1_37942874_37943354,3.25433
chr1_37944084_37944971,3.55692
chr1_3817648_3818071,6.21202
chr1_38291277_38291502,2.85978
chr1_38465723_38465839,2.94077
chr1_38495782_38495936,3.35804
chr1_39552835_39552967,4.43049
chr1_39596184_39596482,5.22231
chr1_39598118_39598362,3.30633
chr1_39598673_39599090,3.30633
chr1_39633654_39634014,4.40354
chr1_39857791_39857995,4.97249
chr1_39874208_39874673,4.42832
chr1_40006104_40006751,7.42094
chr1_40841336_40841595,5.28509
chr1_40848967_40849502,6.57502
chr1_40860574_40860824,4.11718
chr1_41164800_41165075,4.56884
chr1_41914594_41914877,2.90335
chr1_41952015_41952273,4.81596
chr1_41961925_41962146,4.37959
chr1_41981831_41982007,8.66956
chr1_42127851_42128791,3.86666
chr1_42149945_42149960,2.94962
chr1_42204198_42204327,3.64494
chr1_42204580_42205516,3.64494
chr1_42217644_42218002,7.17504
chr1_42248889_42249252,7.30635
chr1_42277077_42277342,4.88239
chr1_42328578_42328878,5.47376
chr1_42356899_42357259,4.1432
chr1_42363874_42364167,4.41426
chr1_42366364_42366624,4.64972
chr1_42385609_42385954,4.83127
chr1_43402214_43402581,3.3615
chr1_43402778_43403133,3.3615
chr1_43406108_43407009,4.43537
chr1_43407355_43407700,4.43537
chr1_43427522_43427762,3.57997
chr1_43428386_43429108,3.57997
chr1_43429290_43429917,3.57997
chr1_43432863_43433109,4.64166
chr1_43524188_43524462,5.01065
chr1_43760174_43760222,3.5606
chr1_43761236_43761355,3.5606
chr1_43988888_43989038,8.26808
chr1_44176533_44177122,5.29641
chr1_44240162_44240471,7.26993
chr1_44378405_44378587,6.9458
chr1_44452990_44453115,4.24263
chr1_44703858_44704161,4.23408
chr1_44951424_44951733,5.14443
chr1_45057924_45058133,2.69357
chr1_45083225_45083530,3.08379
chr1_45085192_45085548,3.76202
chr1_45195062_45195154,5.22579
chr1_45738634_45738975,9.57663
chr1_46009549_46009894,2.80457
chr1_46268583_46268737,7.17557
chr1_46689426_46689696,9.55069
chr1_46712372_46712767,6.54412
chr1_46986321_46986408,5.95954
chr1_46999025_46999241,4.07081
chr1_4729528_4729775,2.33539
chr1_47800262_47800514,5.03503
chr1_49038282_49038602,3.9176
chr1_51703075_51703494,4.88419
chr1_51769565_51770027,5.86083
chr1_52110368_52110491,4.43136
chr1_52132018_52132585,5.1565
chr1_53102510_53103405,2.42113
chr1_53588397_53588520,3.76931
chr1_53589395_53589613,3.76931
chr1_53875866_53875973,2.51722
chr1_54695028_54695502,5.88831
chr1_54715450_54715803,2.99896
chr1_54744858_54745090,5.0295
chr1_54778588_54778715,6.9488
chr1_54868582_54868776,3.74483
chr1_54873075_54873515,4.52529
chr1_54953784_54954325,5.44366
chr1_55340144_55340359,3.40932
chr1_55400798_55400903,10.51356
chr1_55418708_55418921,3.14281
chr1_55431735_55431939,4.4969
chr1_55828418_55828527,6.83036
chr1_55894779_55895033,7.62169
chr1_55909250_55909597,8.8973
chr1_56184456_56184884,5.94941
chr1_56974162_56974535,4.93574
chr1_56991269_56991531,6.0224
chr1_57043287_57044160,5.05202
chr1_57297629_57297838,5.93908
chr1_57482949_57483134,3.09756
chr1_58898385_58898660,5.96866
chr1_59050239_59050578,4.70144
chr1_59083966_59084335,10.6628
chr1_59221049_59221462,9.24728
chr1_59228706_59229186,4.54174
chr1_59229881_59230252,4.54174
chr1_59280773_59281281,4.91138
chr1_59281510_59281579,4.91138
chr1_59281873_59282217,4.91138
chr1_59347262_59347482,5.30264
chr1_59369049_59370138,6.46895
chr1_59392782_59392938,3.07931
chr1_59479443_59479773,2.9262
chr1_59509588_59509786,6.25507
chr1_59629518_59629774,6.98876
chr1_59756067_59756566,4.96539
chr1_59758328_59758666,3.81635
chr1_60015651_60015887,5.42764
chr1_60036299_60036428,3.11465
chr1_60062084_60062408,6.83668
chr1_60144543_60144796,7.4428
chr1_60148393_60148656,4.3474
chr1_60171567_60171859,4.71285
chr1_60172811_60173111,5.83222
chr1_60204406_60204597,6.44828
chr1_60598724_60598934,5.49608
chr1_6088225_6088518,2.87781
chr1_61522505_61523042,3.7392
chr1_61543611_61543877,5.19583
chr1_61549054_61549253,2.2788
chr1_61649786_61650305,4.0303
chr1_61768031_61768305,9.30375
chr1_61918819_61919182,6.02097
chr1_62822173_62822473,8.80289
chr1_6336471_6336830,6.44278
chr1_64127998_64128504,3.686
chr1_64197270_64197475,7.75839
chr1_64417224_64417447,2.88169
chr1_64505281_64505575,6.7388
chr1_65363729_65364057,7.74428
chr1_65364183_65364439,7.74428
chr1_65381647_65381826,5.65673
chr1_65383044_65383557,7.86756
chr1_65398951_65399446,4.63233
chr1_66277656_66278058,10.50765
chr1_6661008_6661639,4.69623
chr1_66728047_66728190,5.78942
chr1_66736293_66736539,5.50205
chr1_66747978_66748387,5.7861
chr1_66782459_66782839,3.31275
chr1_66815726_66816360,2.81876
chr1_66881077_66881511,3.87265
chr1_66904732_66904991,5.05524
chr1_66930584_66930841,10.20995
chr1_66954948_66955119,5.70869
chr1_67029191_67029437,5.29159
chr1_67029939_67030347,5.29159
chr1_67198280_67198800,3.19921
chr1_67223993_67224234,3.77491
chr1_68000341_68000585,5.91717
chr1_68029743_68030232,2.90896
chr1_68036173_68036524,8.19573
chr1_68041528_68041694,7.7999
chr1_68084470_68084693,5.60531
chr1_68118588_68118809,9.20206
chr1_68166463_68166766,5.37488
chr1_68189225_68189635,4.90851
chr1_68215256_68215932,4.4548
chr1_68257818_68258216,4.80473
chr1_68345947_68346247,5.01829
chr1_68354536_68354908,4.37605
chr1_68640572_68640736,4.17087
chr1_68849988_68850367,6.65973
chr1_70877943_70877992,6.01804
chr1_72749220_72749791,3.68411
chr1_72750417_72750888,3.68411
chr1_7289758_7290075,6.88197
chr1_7313313_7313451,4.11266
chr1_7327634_7328033,6.61928
chr1_7359415_7359679,3.88627
chr1_7461964_7462325,9.81212
chr1_7531062_7531540,5.23207
chr1_7538871_7539273,7.94026
chr1_7551468_7551846,4.62057
chr1_76080205_76080672,2.72213
chr1_7609389_7609632,4.36984
chr1_7728673_7728970,6.17319
chr1_7764543_7764931,8.71706
chr1_77872388_77872776,2.37511
chr1_77980165_77980378,3.51657
chr1_78011624_78012030,4.89711
chr1_78348123_78348428,2.94721
chr1_78561383_78561632,4.71712
chr1_78567287_78567595,6.11746
chr1_78957462_78957762,4.54422
chr1_79154444_79154658,4.01349
chr1_8107848_8108157,4.81433
chr1_8121436_8121582,5.8683
chr1_8143203_8143348,5.73152
chr1_8154517_8154933,3.35549
chr1_8156648_8157003,4.37801
chr1_8157417_8157780,4.37801
chr1_8187563_8187834,4.69287
chr1_8194345_8194402,3.90044
chr1_8198088_8198334,6.43978
chr1_8214748_8215059,6.09287
chr1_8215795_8215905,6.09287
chr1_82168687_82169067,4.44421
chr1_82268420_82269588,4.00982
chr1_8229904_8230047,5.10737
chr1_8254637_8254907,3.09655
chr1_8257762_8258040,4.78678
chr1_8262223_8262541,5.41577
chr1_8272041_8272390,6.72642
chr1_8319137_8319616,7.7216
chr1_84744562_84744926,3.62029
chr1_84757421_84757614,4.56561
chr1_84971050_84971209,4.74808
chr1_85038681_85038996,5.6201
chr1_85313015_85313206,7.39125
chr1_85320078_85320332,5.01115
chr1_85349108_85349420,4.94606
chr1_85744584_85744829,4.74382
chr1_85779776_85780132,4.04968
chr1_85794698_85795078,5.222
chr1_85795855_85796291,4.99285
chr1_85796595_85797055,4.99285
chr1_85968002_85968172,7.04749
chr1_85991291_85991622,3.47628
chr1_86049987_86050100,2.47278
chr1_86072885_86073441,4.82896
chr1_86077140_86077408,3.55342
chr1_86077578_86077925,3.55342
chr1_86078461_86078819,3.55342
chr1_86527312_86527621,3.77811
chr1_87171187_87171726,5.36892
chr1_8720526_8720683,5.14075
chr1_87240012_87240427,4.18133
chr1_87253936_87254322,6.07257
chr1_87258759_87259068,5.76677
chr1_87617997_87618150,3.82809
chr1_87636034_87636204,5.58736
chr1_87689823_87690165,5.54855
chr1_87744782_87745159,2.67052
chr1_87800631_87801610,2.23055
chr1_87868475_87868540,5.55175
chr1_8933581_8933925,5.6718
chr1_89358212_89358439,6.17612
chr1_89594590_89594813,4.44139
chr1_8964053_8964236,6.7215
chr1_89739985_89740544,2.49736
chr1_90032556_90032702,4.02397
chr1_90069191_90069532,3.48307
chr1_90101821_90102213,4.16399
chr1_90135818_90136060,3.01079
chr1_90137741_90138074,4.75428
chr1_90185639_90185820,2.61713
chr1_90189523_90189798,5.89733
chr1_90190139_90190909,5.89733
chr1_90204490_90205244,4.84644
chr1_90274070_90274340,2.43719
chr1_90309838_90310280,3.47752
chr1_90321378_90321621,5.9908
chr1_90372321_90372729,3.12699
chr1_90374317_90375036,3.12699
chr1_90376424_90376756,4.60332
chr1_9127395_9127559,9.38713
chr1_92048213_92048455,5.91374
chr1_92048914_92049154,5.91374
chr1_92116335_92116643,7.00165
chr1_92196214_92196626,3.98218
chr1_92198149_92198440,3.98218
chr1_92202579_92202753,3.77528
chr1_92207117_92207174,3.59212
chr1_92216994_92217085,3.24356
chr1_9222919_9223181,6.61658
chr1_9223907_9224260,6.61658
chr1_92269494_92269966,2.78236
chr1_92270160_92270686,2.78236
chr1_9271499_9271772,7.19593
chr1_9291783_9292106,3.1277
chr1_9293549_9293739,3.22433
chr1_9298798_9298942,3.824
chr1_93002551_93002867,4.59408
chr1_93003662_93004045,4.59408
chr1_93270252_93270588,10.43796
chr1_9335683_9335930,5.33781
chr1_93427945_93428408,4.21194
chr1_93914812_93914954,4.76534
chr1_94089710_94089715,3.63569
chr1_94127789_94128026,3.80579
chr1_94158601_94159338,4.73268
chr1_94167175_94167520,9.77627
chr1_94201362_94201612,5.51821
chr1_94224546_94224929,5.05145
chr1_94244939_94245309,7.56759
chr1_94527681_94527931,4.54889
chr1_94532879_94533090,4.3857
chr1_94626535_94626661,9.78507
chr1_94712051_94712193,3.50077
chr1_94712395_94712617,3.50077
chr1_9473687_9473864,5.13404
chr1_95009926_95010072,3.45225
chr1_9504221_9504505,5.41654
chr1_95063321_95063608,5.46179
chr1_95113814_95114327,7.5768
chr1_95155573_95156005,6.28008
chr1_95179307_95179605,8.87715
chr1_95189546_95189834,3.53179
chr1_95193393_95193837,5.62173
chr1_95221261_95221551,8.13635
chr1_95258204_95258621,4.83518
chr1_95331900_95332266,3.68366
chr1_95508067_95508435,5.67036
chr1_956563_956812,4.07326
chr1_96828119_96828533,7.09505
chr1_97308752_97309076,5.72282
chr1_98315619_98315765,9.35628
chr1_98366677_98366793,4.95753
chr1_98403373_98403764,7.31342
chr1_98408796_98409171,7.36695
chr1_98499783_98500490,3.90755
chr1_98518546_98518920,3.56604
chr1_98781999_98782036,5.48909
chr1_98788970_98789228,4.67182
chr1_98789496_98789901,4.67182
chr1_9912448_9912800,6.57852
